Time, Milliseconds," ""tia""       "," ""TIA_AM_SCHA""           "," ""tqi_gs_fast_dec"""," ""tqi_gs_fast_inc"""," ""pv_av""     "," ""LAMB_LS_UP[1]""           "," ""LAMB_LS_UP[2]""           "," ""state_eng"" "," ""teg_dyn_up_cat[1]"""," ""TEG_DYN_UP_CAT[2]""           "," ""fup""       "," ""fup_sp""    "," ""pump_vol_vcv"""," ""efppwm""    "," ""fup_efp""   "," ""iga_av_mv"" "," ""TI_1_HOM[0]""           "," ""TI_1_HOM[3]""           "," ""amp_mes""   "," ""map""       "," ""map_mes""   "," ""map_1_mes"" "," ""map_2_mes"" "," ""pdt_mes""   "," ""maf""       "," ""iga_ad_1_knk[0]"""," ""iga_ad_1_knk[1]"""," ""iga_ad_1_knk[2]"""," ""iga_ad_1_knk[3]"""," ""iga_ad_1_knk[4]"""," ""iga_ad_1_knk[5]"""," ""lamb_sp[1]"""," ""LAMB_SP[2]""           "," ""tqi_av""    "," ""gear""      "," ""vs""        "," ""CAM_SP_IVVT_IN""           "," ""map_sp""    "," ""rfp_sp""    "," ""Short Term Fuel Trim - Bank 1""           "," ""Long Term Fuel Trim - Bank 1""           "," ""Short Term Fuel Trim - Bank 2""           "," ""Long Term Fuel Trim - Bank 2""           "," ""Engine RPM""           "," ""Ignition Timing Advance for #1 Cylinder""           "," ""Ambient air temperature""           "," ""Commanded Throttle Actuator Control""           "
Sec.ms, ms, Â°C       , Â°C       , Nm        , Nm        , %         ,           ,           , -         , Â°C       , Â°C       , hPa       , hPa       , %         , %         , hPa       , Â°        , ms        , ms        , hPa       , hPa       , hPa       , hPa       , hPa       , hPa       , mg/stroke , Â°        , Â°        , Â°        , Â°        , Â°        , Â°        ,           ,           , Nm        ,           , km/h      , Â°        , hPa       , Â°        , %         , %         , %         , %         , 1/min     , Â°        , Â°C       , %         
Timestamp, Timestamp Milliseconds,           , Param_TIAAMSCHA,           ,           ,           , Param_LAMBLSUP1, Param_LAMBLSUP2,           ,           , Param_TEGDYNUPCAT2,           ,           ,           ,           ,           ,           , Param_TI1HOM0, Param_TI1HOM3,           ,           ,           ,           ,           ,           ,           ,           ,           ,           ,           ,           ,           ,           , Param_LAMBSP2,           ,           ,           , Param_CAMSPIVVTIN,           ,           , Param_ShortTermFuelTrimBank1, Param_LongTermFuelTrimBank1, Param_ShortTermFuelTrimBank2, Param_LongTermFuelTrimBank2, Param_EnginRPM, Param_IgnitTiminAdvanFor1Cylin, Param_AmbieAirTempe, Param_CommaThrotActuaContr
0,0,15.75,8.25,1023.96875,0,0,0.9746094,0.9453125,4,539.475,537.1,36605.766,35000.484,6.8710327,40.068054,5598.5913,-13.875,0.46,0.544,1016.07135,233.91034,233.41284,239.13414,227.69153,205.46964,83.782974,0,0,0,0,0,0,1,0.9199219,13.65625,4,86,124.875,223.62857,72.29004,-2.34375,-4.6875,3.125,0,2725.8752,-14.5,-1,7.0588236
0.099,99,15.75,8.25,1023.96875,0,0,0.9121094,0.9707031,4,535.475,532.725,33692.375,35000.484,9.14917,39.98413,5633.085,-14.625,0.46800002,0.58400005,1016.07135,227.02818,234.32494,238.9683,229.76447,205.46964,83.65581,0,0,0,0,0,0,1,0.9199219,13.1875,4,86,124.875,224.20898,72.110596,-1.5625,-4.6875,10.9375,0,2762.8735,-15,-1,7.4509807
0.194,194,15.75,8.25,1023.96875,0,0,1.078125,0.99121094,4,531.0375,528.225,36043.254,35000.484,7.722473,39.978027,5590.6313,-15.375,0.48400003,0.592,1016.07135,225.86734,232.41783,237.64163,227.27695,204.06003,83.14713,0,0,0,0,0,0,1,0.9199219,11.78125,4,85,124.875,223.7944,71.93115,-3.90625,-4.6875,6.25,0,2780.8728,-15.5,-1,7.4509807
0.294,294,16.5,8.25,1023.96875,0,0,0.9003906,0.8857422,4,527.2875,524.2875,34928.844,35000.484,7.9544067,39.8407,5556.1377,-15,0.44400004,0.55200005,1015.98846,225.53568,228.27196,233.57867,222.96523,200.41167,81.006454,0,0,0,0,0,0,1,0.92089844,10.96875,4,85,124.875,224.04315,71.75171,0,-4.6875,3.90625,0,2767.8733,-15,-1,7.4509807
0.394,394,16.5,8.25,1023.96875,0,0,1.0732422,0.95214844,4,523.725,520.725,34143.45,35000.484,9.007263,39.852905,5521.644,-15.375,0.49600002,0.592,1015.98846,226.77943,234.6566,239.8804,229.4328,205.8013,84.418816,0,0,0,0,0,0,1,0.92285156,11.65625,4,85,124.875,223.87732,71.572266,-4.6875,-4.6875,10.9375,0,2760.8735,-15.5,-1,7.4509807
0.494,494,16.5,8.25,1023.96875,0,0,0.9140625,0.99902344,4,520.6,517.475,34445.93,35000.484,8.853149,39.81781,5471.23,-15.375,0.45200002,0.6,1015.9055,227.94028,231.42282,236.0662,226.86235,201.4896,77.848434,0,0,0,0,0,0,1,0.92578125,10.40625,4,85,124.875,223.7944,71.39282,-4.6875,-4.6875,7.8125,0,2755.8738,-14.5,-1,7.0588236
0.594,594,16.5,8.25,1023.96875,0,0,0.95410156,0.9042969,4,517.6625,514.4125,34578.598,35000.484,8.610535,39.77661,5476.5366,-13.875,0.42400002,0.56,1015.9055,227.35986,229.0182,233.7445,224.37483,201.65543,76.44958,0,0,0,0,0,0,1,0.92871094,11.65625,4,85,124.875,224.12607,71.21338,-9.375,-4.6875,5.46875,0,2745.8743,-14,-1,7.0588236
0.694,694,16.5,9,1023.96875,0,0,0.97753906,0.8808594,4,514.725,511.5375,34408.785,35000.484,8.598328,39.756775,5463.27,-13.875,0.42800003,0.54800004,1015.9055,226.199,228.85237,235.31995,222.38481,200.90916,75.45342,0,0,0,0,0,0,1,0.93066406,11.75,4,84,124.875,223.7944,71.033936,-8.59375,-4.6875,4.6875,0,2735.8748,-14,-1,7.0588236
0.794,794,16.5,8.25,1023.96875,0,0,0.9628906,0.8984375,4,511.975,508.7875,34605.133,35000.484,8.4198,39.759827,5444.6963,-13.875,0.41200003,0.536,1015.9055,226.53069,226.86235,231.67157,222.13605,199.91415,75.5382,0,0,0,0,0,0,1,0.9326172,12.75,4,84,124.875,223.54565,70.85449,-10.15625,-4.6875,3.125,0,2726.8752,-14,-1,7.0588236
0.895,895,16.5,9,1023.96875,0,0,0.96777344,0.9169922,4,509.4125,506.2875,35204.793,35000.484,7.9544067,39.767456,5434.083,-13.875,0.4,0.528,1015.9055,226.6136,229.34988,234.73952,224.04315,200.74333,81.91783,0,0,0,0,0,0,1,0.9345703,12.6875,4,84,124.875,223.96024,70.67505,-10.15625,-4.6875,3.125,0,2732.875,-14,-1,7.0588236
0.994,994,16.5,9,1023.96875,0,0,1.0732422,0.88964844,4,506.975,503.975,34859.855,35000.484,8.132935,39.787292,5410.2026,-14.25,0.42000002,0.504,1015.9055,225.53568,221.14104,226.77943,215.50266,195.43661,78.08157,0,0,0,0,0,0,1,0.93652344,10.28125,4,84,124.875,223.46274,70.495605,-9.375,-4.6875,0.78125,0,2717.8755,-14.5,-1,7.0588236
1.094,1094,16.5,8.25,1023.96875,0,0,0.9707031,0.9550781,4,504.7875,501.7875,33304.984,35000.484,9.614563,39.80255,5420.8164,-13.5,0.416,0.544,1015.9055,224.78941,228.85237,234.57368,223.13106,200.24582,75.70776,0,0,0,0,0,0,1,0.9394531,12.21875,4,84,124.875,223.96024,70.31616,-10.9375,-4.6875,8.59375,0,2715.8757,-13.5,-1,7.0588236
1.194,1194,16.5,9,1023.96875,0,0,1.0166016,0.9482422,5,502.5375,499.725,34944.76,35000.484,7.646179,39.709473,5436.7363,-13.5,0.46,0.504,1015.9055,225.36984,225.53568,231.50574,219.56561,198.6704,74.09696,0,0,0,0,0,0,1,1,27.71875,3,83,90,843.4371,70.13672,-10.15625,-4.6875,0,0,2687.877,6.5,-1,29.803923
1.294,1294,16.5,9,149.40625,149.40625,0,1.0058594,0.90234375,4,500.6625,497.85,30221.78,40604.383,36.012268,41.537476,5484.497,11.25,2.012,2.144,1015.9055,470.22528,579.01306,584.3198,573.70636,608.6976,363.23618,0,0,0,0,0,0,0.9140625,0.8964844,255.15625,3,83,90,802.5587,69.957275,0,-4.6875,0,0,2805.8716,10.5,-1,21.176472
1.394,1394,16.5,9,340.25,340.25,0,0.96972656,0.95214844,4,498.1625,495.2875,40410.688,60218.023,52.264404,42.770386,5266.9214,17.25,2.38,2.5440001,1015.9055,770.46967,736.6393,743.93604,729.4255,645.5959,359.845,0,0,0,0,0,0,0.9902344,0.92285156,208.71875,3,83,91.5,418.98227,69.77783,0,-4.6875,0,0,3306.8486,27.5,-1,12.54902
1.494,1494,16.5,9,222.8125,222.8125,0,0.92871094,0.93652344,4,527.9125,524.1,52764.734,58047.574,22.044373,42.414856,5049.3457,28.5,1.264,1.4560001,1015.9055,536.4764,478.7658,484.0725,473.542,378.26974,208.19635,0,0,0,0,0,0,0.99316406,0.9169922,119.5625,3,83,121.875,276.69577,69.59839,0,-4.6875,0,0,3601.8352,-3.5,-1,9.019608
1.594,1594,16.5,9,82.34375,82.34375,0,0.9658203,0.94140625,4,547.975,544.475,52892.094,47020.207,4.942322,41.218567,5152.8267,17.625,0.67200005,0.76400006,1015.9055,354.7212,304.14148,309.11655,299.16644,240.12915,126.27851,0,0,0,0,0,0,0.9980469,0.9189453,69.8125,3,83,124.875,235.65161,69.418945,0,-4.6875,0,0,3633.8337,18.5,-1,9.803922
1.694,1694,16.5,8.25,71.6875,71.6875,0,0.9580078,0.9423828,4,560.5375,557.1,40920.133,37319.52,4.6447754,40.844727,5386.3228,20.625,0.54,0.60400003,1015.9055,273.29617,257.376,263.0144,251.73761,210.5276,105.338066,0,0,0,0,0,0,0.99902344,0.9296875,63.09375,3,83,121.875,260.77563,69.2395,0,-4.6875,0,0,3653.8328,21.5,-1,10.980392
1.794,1794,16.5,8.25,71.40625,71.40625,0,0.93847656,0.92578125,4,562.2875,558.9125,37189.504,37420.348,8.7677,40.882874,5532.2573,21,0.596,0.66800004,1015.9055,268.65277,271.22324,277.6908,264.8386,226.86235,111.54814,0,0,0,0,0,0,0.99902344,0.9404297,55.96875,3,83,120.375,267.65778,69.06006,0,-4.6875,0,0,3659.8325,-1.5,-1,11.372549
1.894,1894,16.5,8.25,63.03125,63.03125,0,0.92578125,0.9199219,4,562.4125,559.35,35719.543,38123.49,11.767578,40.87982,5585.3247,-7.5,0.62,0.72,1015.9055,278.10538,281.83667,289.13342,274.53992,235.65161,111.42097,0,0,0,0,0,0,0.99902344,0.95214844,55.3125,3,83,118.125,274.457,68.880615,0,-4.6875,-1.5625,0,3677.8315,-3,-1,12.156863
1.994,1994,16.5,8.25,57,57,0,0.9345703,0.9296875,4,564.9125,561.975,35342.766,38479.04,13.595581,40.80658,5566.751,-6,0.632,0.748,1015.9055,279.92957,288.9676,296.34723,281.67084,242.28502,115.38439,0,0,0,0,0,0,0.9980469,0.95996094,54.21875,3,82,116.625,278.43704,68.70117,-6.25,-4.6875,-1.5625,0,3692.831,-6.5,-1,12.156863
2.094,2094,16.5,8.25,54.84375,54.84375,0,0.9824219,0.95703125,4,567.85,564.975,40055.137,38500.266,6.864929,40.579224,5465.9233,-6.375,0.62,0.712,1015.9055,286.64587,299.66394,304.97067,294.3572,246.59673,127.50781,0,0,0,0,0,0,0.9980469,1,41.8125,3,82,120.75,258.86853,68.52173,-7.03125,-4.6875,0,0,3678.8315,-9.5,-1,10.980392
2.194,2194,16.5,8.25,1023.96875,45.78125,0,1.0087891,1.0517578,5,571.35,568.35,35252.55,36619.03,7.9101562,40.272522,5505.7236,-8.25,0.66400003,0.69200003,1015.9055,276.94455,280.34415,286.06546,274.70578,226.36485,115.85068,0,0,0,0,0,0,1,1,27.4375,3,82,124.875,225.7015,68.342285,0,-4.6875,0,0,3660.8325,-12,-1,9.803922
2.294,2294,16.5,8.25,1023.96875,36.71875,0,0.9970703,1.2001953,5,574.4125,571.35,32710.633,35772.61,4.8324585,39.720154,5513.6836,-16.5,0.60400003,0.76400006,1015.9055,252.15219,255.0543,260.11227,250.07925,201.075,100.3149,0,0,0,0,0,0,1,1,1.78125,3,82,124.875,216.91225,68.16284,0,-4.6875,0,0,3632.8337,-20.5,-1,19.215687
2.394,2394,16.5,8.25,1023.96875,27.65625,0,1.3964844,2.1748047,5,574.6625,571.85,31304.352,35637.29,6.083679,39.720154,5595.938,-21.75,1.116,1.172,1015.9055,303.56107,372.13385,376.1139,368.1538,343.85898,181.5757,0,0,0,0,0,0,1,1,0,3,81,93.375,442.94543,68.0603,0,-4.6875,0,0,3629.8337,-20.5,-1,16.470589
2.494,2494,16.5,8.25,1023.96875,18.59375,0,3.8730469,4,5,571.725,569.1,30455.275,35637.29,8.560181,39.720154,5662.272,-20.25,1.58,1.6800001,1015.9055,446.1792,463.01147,467.9036,458.20224,384.32272,206.96704,0,0,0,0,0,0,1,1,0,3,81,93,426.3619,68.239746,0,-4.6875,0,0,3622.8342,-20.5,-1,15.294118
2.594,2594,16.5,8.25,1023.96875,9.53125,0,4,4,5,577.35,575.0375,30927.574,35478.086,8.535767,39.720154,5731.2593,-20.25,1.58,1.6760001,1015.9055,445.35004,457.78766,461.85062,453.80762,380.8402,201.20207,0,0,0,0,0,0,1,1,0,3,81,93,426.85944,68.41919,0,-4.6875,0,0,3609.8347,-20.5,-1,14.901961
2.694,2694,16.5,8.25,1023.96875,0.46875,0,4,4,5,584.225,582.1625,29622.121,35478.086,12.767029,39.720154,5736.566,-20.25,1.552,1.616,1015.9055,449.4959,452.48093,457.12433,447.83755,375.6993,196.13652,0,0,0,0,0,0,1,1,0,3,81,93,432.66367,68.59863,0,-4.6875,0,0,3597.8352,-20.5,-1,14.901961
2.794,2794,16.5,8.25,1023.96875,0,0,4,4,5,589.225,587.35,32694.713,35478.086,8.163452,39.720154,5717.9927,-20.25,1.396,1.4920001,1015.9055,450.90552,436.72662,440.62375,432.8295,364.6713,191.13455,0,0,0,0,0,0,1,1,0,3,80,93,427.7715,68.778076,0,-4.6875,0,0,3586.8357,-20.5,-1,14.509804
2.894,2894,16.5,8.25,1023.96875,0,0,4,4,5,593.35,591.725,33634.004,35318.887,7.5012207,39.720154,5712.686,-20.25,1.3360001,1.4360001,1015.9055,444.2721,427.1082,432.33197,421.9673,356.37952,184.62775,0,0,0,0,0,0,1,1,0,3,80,93,423.9573,68.95752,0,-4.6875,0,0,3576.8362,-20.5,-1,14.901961
2.994,2994,16.5,8.25,1023.96875,0,0,4,4,5,596.6625,595.1625,33140.477,35318.887,8.331299,39.720154,5747.1797,-20.625,1.3440001,1.4200001,1015.9055,437.22412,427.1082,431.25406,423.04523,357.78912,190.26556,0,0,0,0,0,0,1,1,0,3,80,93,423.8744,69.13696,0,-4.6875,0,0,3566.8367,-20.5,-1,14.901961
3.094,3094,16.5,8.25,1023.96875,0,0,4,4,5,599.0375,597.6625,33819.74,35318.887,8.006287,39.720154,5752.4863,-20.625,1.368,1.452,1015.9055,438.63373,434.07324,438.30203,429.84445,365.99796,195.43709,0,0,0,0,0,0,1,1,0,3,79,93,423.4598,69.31641,0,-4.6875,0,0,3555.8372,-20.5,-1,14.509804
3.194,3194,16.5,8.25,1023.96875,0,0,4,4,5,600.6625,599.4125,32498.363,35159.684,8.764648,39.720154,5755.1396,-20.25,1.396,1.4560001,1015.9055,439.21414,432.4978,437.88745,427.1082,360.77417,194.71646,0,0,0,0,0,0,1,1,0,3,79,93,420.64062,69.49585,0,-4.6875,0,0,3537.8381,-20.5,-1,14.509804
3.294,3294,16.5,8.25,1023.96875,0,0,4,4,5,602.0375,600.85,31452.94,35159.684,11.33728,39.720154,5848.0073,-20.25,1.4080001,1.468,1015.9055,435.2341,429.26404,434.7366,423.8744,363.59335,191.89755,0,0,0,0,0,0,1,1,0,3,79,93,421.13812,69.67529,0,-4.6875,0,0,3532.8384,-20.5,-1,14.509804
3.394,3394,16.5,8.25,1023.96875,0,0,4,4,5,602.7875,601.725,32673.486,35159.684,10.5911255,39.720154,5853.314,-19.5,1.3720001,1.432,1015.9055,433.8245,428.269,435.06827,421.5527,358.86707,183.92831,0,0,0,0,0,0,1,1,0,3,79,92.625,421.5527,69.85474,0,-4.6875,0,0,3516.839,-20.5,-1,14.901961
3.494,3494,16.5,8.25,1023.96875,0,0,4,4,5,603.225,602.225,32970.66,35000.484,10.543823,39.720154,5810.8604,-20.25,1.3720001,1.452,1015.9055,432.9124,431.4199,437.88745,425.03525,366.41254,186.23856,0,0,0,0,0,0,1,1,0,3,79,93,418.48474,70.03418,0,-4.6875,0,0,3504.8396,-20.5,-1,14.509804
3.594,3594,16.5,8.25,1023.96875,0,0,4,4,5,603.35,602.4125,34286.73,35000.484,9.666443,39.720154,5792.2866,-20.25,1.3640001,1.44,1015.9055,433.8245,435.2341,441.37,429.0982,365.33463,188.31564,0,0,0,0,0,0,1,1,0,3,78,93,418.236,70.21362,0,-4.6875,0,0,3499.8398,-20.5,-1,14.509804
3.694,3694,16.5,8.25,1023.96875,0,0,4,4,5,603.225,602.35,34918.23,35000.484,0.75683594,39.720154,5786.98,-20.25,1.3520001,1.4200001,1015.9055,434.90244,430.67365,436.312,425.03525,365.99796,192.72415,0,0,0,0,0,0,1,1,0,3,78,93,418.40182,70.39307,0,-4.6875,0,0,3489.8403,-20.5,-1,14.509804
3.794,3794,15.75,8.25,1023.96875,0,0,4,4,5,602.975,602.1,34944.76,35000.484,0.7095337,39.720154,5824.127,-20.25,1.3240001,1.388,1015.9055,430.42487,424.28897,429.92737,418.6506,360.5254,182.69902,0,0,0,0,0,0,1,1,0,3,78,93,414.42178,70.57251,0,-4.6875,0,0,3476.8408,-20.5,-1,14.509804
3.894,3894,15.75,8.25,1023.96875,0,0,4,4,5,602.475,601.6625,35188.87,35000.484,0.541687,39.720154,5773.7134,-20.25,1.3000001,1.3640001,1015.9055,426.44482,421.63562,426.85944,416.49472,361.60333,181.78764,0,0,0,0,0,0,1,1,0,3,78,93,414.09012,70.75195,0,-4.6875,0,0,3466.8413,-20.5,-1,14.509804
3.994,3994,15.75,8.25,1023.96875,0,0,4,4,5,601.725,600.975,35199.484,35000.484,0.52948,39.720154,5792.2866,-20.625,1.312,1.368,1015.9055,424.62067,423.9573,428.93237,419.0652,364.00793,189.90524,0,0,0,0,0,0,1,1,31.875,3,77,124.875,224.7065,70.9314,0,-4.6875,0,0,3457.8418,-2,-1,7.0588236
4.094,4094,15.75,8.25,1023.96875,0,14.2578125,4,4,3,600.7875,600.1,41763.9,48381.383,21.540833,41.1026,5672.8853,20.25,0.90800005,0.95600003,1015.9055,340.54227,340.54227,346.18066,334.9039,301.23938,153.47142,0,0,0,0,0,0,0.8876953,0.8876953,105.78125,3,77,91.125,642.1962,71.11084,0,-4.6875,0,0,3564.837,18.5,-1,28.235294
4.194,4194,15.75,8.25,1023.96875,0,24.414062,1.1533203,1.0771484,3,605.0375,604.1,55619.75,66100.52,40.18402,45.425415,5282.8413,16.125,2.296,2.388,1015.9055,643.77167,751.56445,757.53455,745.6773,710.52026,424.21356,0,0,0,0,0,0,0.921875,0.9277344,281.65625,3,77,90.75,836.55493,71.29028,0,-4.6875,0,0,3561.837,15.5,-1,29.019608
4.294,4294,15.75,8.25,1023.96875,0,26.953125,0.8876953,0.8652344,3,603.7875,602.9125,65076.33,71017.2,31.033325,50.17395,5022.812,15.375,2.352,2.644,1015.9055,889.62213,870.4682,873.70197,867.3173,780.5856,458.973,0,0,0,0,0,0,0.9902344,0.9394531,299.40625,3,78,97.5,894.0997,71.46973,0,-4.6875,0,0,3538.838,28,-1,36.47059
4.394,4394,15.75,8.25,1023.96875,0,32.8125,1.0371094,0.96777344,3,627.9125,626.6625,68350.58,78175.97,50.883484,53.08838,5240.3877,25.875,2.808,3.1320002,1015.98846,1070.3823,1071.3773,1072.6211,1070.1335,987.6307,637.98413,0,0,0,0,0,0,0.9902344,0.95996094,426,3,79,102.75,1243.0166,71.64917,0,-4.6875,0,0,3650.8328,20.5,-1,86.27451
4.494,4494,15.75,8.25,1023.96875,0,42.48047,1.0341797,0.92871094,3,647.975,645.85,88325.08,83140.41,34.570312,54.28009,5333.2554,22.125,2.7120001,3.0240002,1016.07135,1205.538,1188.8715,1190.364,1187.379,1007.86255,680.6069,0,0,0,0,0,0,0.9902344,0.95996094,457.4375,3,80,100.125,1407.0275,43.63037,0,-4.6875,0,0,3620.8342,19.5,-1,89.01961
4.594,4594,15.75,8.25,1023.96875,0,50,1.0537109,0.97558594,3,668.2875,666.6,83952.336,95237.08,66.30554,54.93927,5688.8057,16.5,3.716,4.112,1016.07135,1450.808,1413.6609,1416.9777,1410.4271,1004.04834,839.1226,0,0,0,0,0,0,0.81933594,0.7890625,581.3125,3,80,94.5,1750.6377,27.352295,0,-4.6875,0,0,3726.8293,15.5,-1,91.76471
4.694,4694,15.75,7.5,1023.96875,0,63.476562,0.9404297,0.8408203,3,688.6625,690.725,111817.93,116795.64,78.62854,67.1814,5431.4297,13.875,4.8440003,5.248,1015.98846,1770.3721,1700.141,1702.8772,1697.4047,1000.39996,1021.69446,0,0,0,0,0,0,0.81933594,0.7890625,656.15625,3,82,94.875,2049.8042,17.918701,0,-4.6875,-0.78125,0,3755.8281,12.5,-1,94.117645
4.794,4794,15.75,7.5,1023.96875,0,74.21875,0.8486328,0.7910156,3,709.6625,706.5375,121921.93,118952.82,86.36322,77.30255,5346.522,11.625,5.5280004,5.8640003,1015.98846,2075.5916,1957.2682,1958.3462,1956.1903,995.8395,1172.9192,0,0,0,0,0,0,0.81933594,0.7890625,724,3,83,95.25,2371.9387,9.715576,3.90625,-4.6875,0,0,3829.8247,11,-1,96.86275
4.894,4894,15.75,7.5,1023.96875,0,85.44922,0.83496094,0.78222656,3,720.1,696.2875,127186.195,122187.266,91.29639,83.673096,5887.8076,10.5,5.892,6.248,1015.9055,2198.724,2198.89,2206.6013,2191.1785,991.0303,1315.433,0,0,0,0,0,0,0.81933594,0.7988281,813.71875,3,85,95.625,2373.3484,0,4.6875,-4.6875,0,0,3921.8206,9.5,-1,99.21569
4.994,4994,15.75,6.75,1023.96875,0,90.625,0.8496094,0.80859375,3,730.7875,698.2875,127807.086,124341.8,99.998474,85.00061,6686.469,8.625,6.5080004,6.7520003,1015.9055,2314.8916,2316.7986,2320.2812,2313.399,990.5328,1367.5298,0,0,0,0,0,0,0.81933594,0.81933594,825.9375,3,87,95.625,2362.4033,3.3325195,6.25,-4.6875,0.78125,0,3957.8188,9.5,-1,99.60784
5.094,5094,15.75,6.75,1023.96875,0,93.55469,0.8300781,0.8310547,3,750.1,714.5375,127292.336,125421.71,99.998474,85.00061,6999.566,9,6.4160004,6.5320005,1015.9055,2297.6448,2289.7676,2288.0261,2291.5918,993.18616,1354.1559,0,0,-1.5,0,0,0,0.81933594,0.81933594,826.625,3,88,96,2357.9258,3.6914062,6.25,-4.6875,0,0,4038.8152,9.5,-1,99.60784
5.194,5194,15.75,6.75,1023.96875,0,98.73047,0.8183594,0.7988281,3,756.725,727.475,128613.7,126498.98,99.998474,85.00061,7105.7,10.125,6.352,6.504,1015.9055,2295.4058,2288.1921,2297.396,2278.9883,991.9424,1351.2097,0,0,-1.5,0,0,0,0.81933594,0.81933594,828.15625,3,90,96,2368.8708,3.6401367,6.25,-4.6875,0,0,4109.812,10.5,-1,99.60784
5.294,5294,15.75,6,1023.96875,0,99.90234,0.8310547,0.8154297,3,763.6,737.475,128555.336,126498.98,98.82965,85.00061,7121.6206,9.75,6.3040004,6.4360003,1015.9055,2310.5798,2319.0374,2320.8616,2317.2961,986.8844,1360.493,0,0,-1.5,0,0,0,0.81933594,0.81933594,830.03125,3,92,96,2377.9917,0.025634766,6.25,-4.6875,0,0,4198.8076,10.5,-1,99.60784
5.394,5394,15.75,6,1023.96875,0,99.90234,0.82714844,0.828125,3,769.975,742.975,129627.29,126498.98,99.998474,85.00061,7140.194,10.5,6.504,6.5720005,1015.9055,2341.7568,2339.0205,2350.2144,2327.9097,987.7965,1373.4219,0,0,-1.125,0,0,0,0.81933594,0.81933594,842.65625,3,93,96,2385.3713,0,7.03125,-4.6875,0,0,4263.8047,10.5,-1,99.60784
5.494,5494,15.75,6,1023.96875,0,99.90234,0.8154297,0.8154297,3,777.1,754.2875,125482.74,126498.98,99.998474,85.00061,7073.86,10.5,6.5200005,6.6240005,1015.9055,2361.0767,2360.3303,2356.765,2363.9788,982.90436,1368.208,0,0,-1.125,0,0,0,0.81933594,0.81933594,836.65625,3,95,96,2396.897,0,7.03125,-4.6875,-0.78125,0,4352.801,11,-1,99.60784
5.594,5594,15.75,5.25,1023.96875,0,99.90234,0.83691406,0.8310547,3,782.35,759.975,124755.72,126498.98,99.998474,85.00061,7063.2466,10.875,6.5320005,6.668,1015.9055,2371.1096,2356.9307,2368.8708,2345.0735,983.81647,1350.2347,0,0,-1.125,0,0,0,0.81933594,0.81933594,829,3,97,96,2408.5884,0.025634766,7.03125,-4.6875,0.78125,0,4426.7974,11.5,-1,99.60784
5.694,5694,15.75,5.25,1023.96875,0,99.90234,0.8173828,0.8251953,3,789.725,768.9125,123115.945,126498.98,99.998474,85.00061,7015.486,11.25,6.576,6.676,1015.9055,2392.2537,2357.8428,2360.2473,2355.4382,976.0222,1349.281,0,0,-1.125,0,0,0,0.81933594,0.81933594,830.65625,3,98,96,2425.5864,0,7.03125,-4.6875,0.78125,0,4487.7944,12,-1,99.60784
5.795,5795,15.75,5.25,1023.96875,0,99.90234,0.82128906,0.81347656,3,792.35,780.725,122749.78,126498.98,99.998474,85.00061,7015.486,11.25,6.504,6.5880003,1015.9055,2416.963,2368.2075,2387.1125,2349.3022,972.7055,1360.4083,-1.5,0,-0.75,0,0,0,0.81933594,0.81933594,825.3125,3,100,96,2438.6045,0,7.03125,-4.6875,0.78125,0,4573.7905,10,-1,99.60784
5.894,5894,15.75,5.25,1023.96875,0,99.90234,0.82421875,0.8251953,3,796.85,787.475,124957.375,126498.98,99.998474,85.00061,7036.713,10.875,6.452,6.5200005,1015.9055,2435.3706,2395.3215,2375.6702,2414.973,983.236,1375.0963,-1.5,0,-0.75,0,0,0,0.81933594,0.81933594,805.46875,3,102,96,2445.6523,0,7.03125,-4.6875,0.78125,0,4659.7866,10.5,-1,99.60784
5.994,5994,15.75,4.5,1023.96875,0,99.90234,0.8154297,0.8251953,3,805.7875,799.975,124718.57,126498.98,99.998474,85.00061,7004.8726,11.625,6.5160003,6.5400004,1015.9055,2446.6475,2401.2087,2384.2935,2418.1238,988.95734,1356.6992,-1.5,0,-0.75,0,0,0,0.81933594,0.81933594,818.8125,3,103,96,2455.6025,0.05126953,7.03125,-4.6875,0.78125,0,4715.784,10.5,-1,99.60784
6.095,6095,15.75,4.5,1023.96875,0,99.90234,0.8203125,0.8310547,3,812.975,802.1,124888.39,126498.98,99.998474,85.00061,6980.992,11.25,6.472,6.5520005,1015.9055,2460.163,2404.7742,2430.147,2379.4844,974.4468,1373.6127,-1.125,0,-0.375,0,0,0,0.81933594,0.81933594,807.9375,3,105,96,2461.158,0,7.03125,-4.6875,1.5625,0,4789.781,10.5,-1,99.60784
6.195,6195,16.5,4.5,1023.96875,0,99.90234,0.82714844,0.8300781,3,820.2875,810.225,125334.16,126498.98,99.998474,85.00061,6951.805,11.25,6.3440003,6.6640005,1015.9055,2478.239,2406.5154,2427.4106,2385.7031,968.72546,1361.5316,-1.125,0,-0.375,0,0,0,0.81933594,0.81933594,798.28125,3,107,96.375,2477.6587,0,7.03125,-4.6875,1.5625,0,4869.777,10.5,-1,99.60784
6.294,6294,16.5,4.5,1023.96875,0,99.90234,0.82128906,0.82421875,3,822.1,814.225,125169.64,126498.98,99.998474,85.00061,6938.5386,11.25,6.372,6.6280003,1015.9055,2492.2522,2426.1667,2418.4556,2433.9612,981.41187,1356.2965,-1.125,0,-0.375,0,0,0,0.81933594,0.81933594,804.25,3,108,96.375,2481.39,0,7.8125,-4.6875,1.5625,0,4941.774,11,-1,99.60784
6.395,6395,17.25,3.75,1023.96875,0,99.90234,0.8154297,0.8251953,3,827.85,818.725,126485.71,126498.98,99.998474,85.00061,6941.192,11.625,6.2720003,6.5880003,1015.9055,2513.6448,2415.885,2397.809,2433.9612,990.7815,1353.0325,-1.125,0,-0.375,0,0,0,0.81933594,0.81933594,807.96875,3,110,96.375,2498.7197,0,7.03125,-4.6875,1.5625,0,5008.7705,11,-1,99.60784
6.494,6494,17.25,3.75,1023.96875,0,99.90234,0.8251953,0.8154297,3,827.475,822.5375,126910.25,126679.41,99.998474,85.00061,6941.192,11.625,6.3880005,6.504,1015.9055,2536.447,2407.013,2417.046,2397.0627,960.9312,1340.4427,0,0,0,0,0,0,0.81933594,0.81933594,804.71875,3,112,97.5,2503.8606,0,7.8125,-4.6875,1.5625,0,5073.7676,12.5,-1,99.60784
6.594,6594,18,3.75,1023.96875,0,99.90234,0.81347656,0.82910156,3,833.0375,828.9125,128226.31,127037.61,97.66693,85.00061,6946.4985,12.375,6.2560005,6.3320003,1015.9055,2538.0225,2408.8372,2423.6792,2393.9949,956.3707,1343.4736,0,0,0,0,0,0,0.81933594,0.81933594,806.9375,3,113,98.25,2512.8984,0,7.8125,-4.6875,1.5625,0,5152.764,12.5,-1,99.60784
6.694,6694,18.75,3.75,1023.96875,0,99.90234,0.82128906,0.83203125,3,834.5375,834.1625,130067.75,127578.9,96.68732,85.00061,6930.5786,12.75,6.1920004,6.3680005,1015.9055,2549.2993,2433.049,2419.948,2446.233,994.4299,1324.6951,0,0,0,0,0,0,0.81933594,0.81933594,813.3125,3,115,99,2535.9497,0,7.8125,-4.6875,2.34375,0,5243.76,13,-1,99.60784
6.795,6795,18.75,3.75,1023.96875,0,99.90234,0.82714844,0.82714844,3,840.475,838.4125,131267.06,127937.1,96.71326,85.00061,6888.1245,12.75,6.196,6.328,1015.9055,2563.0637,2423.0989,2419.119,2427.0789,986.8844,1325.0554,0,0,0,0,0,0,0.81933594,0.81933594,810.4375,3,116,100.125,2538.4373,0,7.8125,-4.6875,2.34375,0,5285.758,13.5,-1,99.60784
6.894,6894,19.5,3.75,1023.96875,0,99.90234,0.80566406,0.82128906,3,845.9125,845.5375,130651.484,128297.95,94.418335,85.00061,6880.1646,13.5,6.076,6.2320004,1015.9055,2570.858,2422.85,2427.991,2417.7922,978.261,1324.2712,0,0,0,0,0,0,0.81933594,0.81933594,815.84375,3,118,101.25,2549.9626,0,7.8125,-4.6875,2.34375,0,5366.7544,13.5,-1,99.60784
6.994,6994,20.25,3,1023.96875,0,99.90234,0.828125,0.82910156,3,845.7875,849.475,132100.22,128656.164,92.77954,84.79462,6858.938,13.875,6.0360003,6.208,1015.98846,2597.972,2436.034,2437.1118,2435.039,977.18304,1311.8934,0,0,0,0,0,-1.875,0.81933594,0.81933594,801.1875,3,119,102.375,2549.9626,0,8.59375,-4.6875,3.125,0,5447.7505,14,-1,99.60784
7.094,7094,20.25,3,1023.96875,0,99.90234,0.8261719,0.8203125,3,853.5375,857.1,131988.78,129194.79,92.570496,84.140015,6858.938,13.875,6.0680003,6.216,1016.07135,2627.4077,2429.8982,2439.4336,2420.3625,982.7385,1295.2131,0,0,0,0,0,-1.875,0.81933594,0.81933594,795.6875,3,121,103.125,2549.9626,0.025634766,8.59375,-4.6875,3.125,0,5509.7476,14.5,-1,99.60784
7.194,7194,21,3,1023.96875,0,99.90234,0.83691406,0.8417969,3,855.1,861.4125,131070.72,129555.65,92.29126,83.73413,6832.4043,14.25,6.0680003,6.2240005,1016.07135,2611.073,2431.8052,2421.4404,2442.253,956.7024,1293.8778,0,-1.5,0,0,0,-1.875,0.81933594,0.81933594,792.96875,3,123,103.875,2549.88,0,8.59375,-4.6875,3.90625,0,5601.7437,14.5,-1,99.60784
7.294,7294,22.5,3,1023.96875,0,99.90234,0.83496094,0.8310547,3,859.5375,865.35,130274.71,129913.85,92.86804,83.358765,6805.8706,14.625,6.064,6.26,1015.98846,2622.6814,2447.891,2456.9292,2438.8533,968.145,1309.3925,0,-1.5,0,0,0,-1.875,0.81933594,0.81933594,787.625,3,124,104.625,2549.9626,0,9.375,-4.6875,3.90625,0,5658.7407,15,-1,99.60784
7.395,7395,23.25,3,1023.96875,0,99.90234,0.8095703,0.8251953,3,857.6625,871.2875,129733.42,130274.71,92.9657,83.403015,6739.5366,14.625,6.064,6.3240004,1015.98846,2619.945,2438.024,2454.8562,2421.2747,966.6525,1288.5792,0,-1.5,0,0,0,-1.5,0.81933594,0.81933594,791.0625,3,125,105.375,2549.9626,0,10.15625,-4.6875,4.6875,0,5723.738,15,-1,99.60784
7.494,7494,24,3,1023.96875,0,99.90234,0.8251953,0.82421875,3,865.725,874.225,128995.79,130632.914,93.37921,83.57391,6667.896,14.25,6.0600004,6.2840004,1015.9055,2603.7761,2433.7124,2444.4917,2423.0159,961.18,1302.6737,0,-2.625,0,-1.5,0,-1.5,0.81933594,0.81933594,804.1875,3,127,105.75,2549.9626,0,9.375,-4.6875,3.90625,0,5783.7354,14,-1,99.60784
7.595,7595,24.75,3,1023.96875,0,99.90234,0.80371094,0.8183594,3,868.85,879.225,129351.34,130993.77,94.63501,83.7204,6596.255,14.625,6.1080003,6.3040004,1015.98846,2594.0747,2432.8003,2454.359,2411.2417,959.4387,1309.9435,-2.25,-2.625,0,-1.5,0,-3,0.81933594,0.81933594,808.90625,3,128,106.5,2549.88,0,9.375,-4.6875,3.90625,0,5850.732,13.5,-1,99.60784
7.695,7695,25.5,3,1023.96875,0,99.90234,0.8232422,0.8222656,3,871.1625,880.475,129866.09,131351.97,93.79425,83.73413,6527.2676,14.25,6.0920005,6.308,1016.07135,2586.1147,2440.3457,2431.2249,2449.5496,951.3128,1309.7316,-2.25,-2.625,0,-1.5,0,-3,0.81933594,0.81933594,796.9375,3,130,107.25,2549.9626,0,8.59375,-4.6875,3.90625,0,5908.7295,14,-1,99.60784
7.794,7794,26.25,2.25,1023.96875,0,99.90234,0.8203125,0.81933594,3,874.975,886.35,130359.62,131712.83,95.036316,83.2962,6429.0933,14.625,6.064,6.2840004,1016.1543,2575.5012,2433.7952,2438.4387,2429.1519,952.47363,1311.7875,-2.25,-2.625,0,-1.125,0,-3,0.81933594,0.81933594,786.5,3,131,108,2549.9626,0,9.375,-4.6875,3.90625,0,5976.7266,14,-1,99.60784
7.894,7894,27,2.25,1023.96875,0,99.90234,0.8125,0.80859375,3,877.1625,891.225,130019.984,132071.03,95.71686,82.91321,6426.44,15,6.0480003,6.3120003,1016.2372,2571.4382,2444.8232,2451.6226,2438.024,957.6145,1317.51,-1.875,-2.25,-1.5,-1.125,0,-3,0.81933594,0.81933594,801.59375,3,133,108.375,2549.88,0,9.375,-4.6875,3.90625,0,6051.723,14.5,-1,99.60784
7.994,7994,27.75,2.25,1023.96875,0,99.90234,0.8203125,0.8076172,3,877.225,891.85,131203.39,132561.9,95.58411,82.58667,6285.812,14.625,6.024,6.288,1016.3201,2545.0706,2447.3108,2441.9211,2452.7004,952.5565,1324.9918,-1.875,-2.25,-1.5,-1.125,0,-2.625,0.81933594,0.81933594,789.1875,3,134,108.375,2549.9626,0,8.59375,-4.6875,3.125,0,6106.72,15,-1,99.60784
8.094,8094,28.5,2.25,1023.96875,0,99.90234,0.8046875,0.796875,3,879.1625,892.225,130110.2,133182.8,97.97363,82.39136,6203.5576,14.25,6.004,6.2840004,1016.403,2537.691,2430.4785,2434.3757,2426.5813,950.98114,1310.4098,-1.875,-3.75,-2.625,-1.125,-1.875,-2.625,0.81933594,0.81933594,796.3125,3,136,108.375,2549.9626,0,8.59375,-4.6875,2.34375,0,6163.718,14.5,-1,99.60784
8.194,8194,30,2.25,1023.96875,0,99.90234,0.80859375,0.81933594,3,883.9125,897.5375,131734.06,133806.33,98.34747,82.29523,6076.1963,14.25,5.9880004,6.2520003,1016.3201,2520.2783,2441.5066,2446.3157,2436.6973,952.14197,1326.1364,-1.875,-3.75,-2.625,-0.75,-1.875,-2.625,0.81933594,0.81933594,799.875,3,137,108.375,2549.9626,0,7.8125,-4.6875,2.34375,0,6217.7153,15,-1,99.60784
8.294,8294,30.75,2.25,1023.96875,0,99.90234,0.81347656,0.8173828,3,885.225,899.725,128756.99,134427.22,99.998474,82.2876,6033.7427,14.625,5.9880004,6.308,1016.2372,2528.1553,2450.213,2456.9292,2443.5796,949.73737,1318.4639,-1.5,-3.75,-2.625,-0.75,-1.875,-2.25,0.81933594,0.81933594,801.5,3,138,108.375,2549.88,0,7.03125,-4.6875,1.5625,0,6288.712,15,-1,99.60784
8.394,8394,31.5,2.25,1023.96875,0,99.90234,0.8125,0.80859375,3,889.9125,902.2875,130693.945,134737.66,99.165344,82.37152,5909.0347,14.25,5.9960003,6.208,1016.3201,2525.668,2455.9343,2471.5227,2440.4287,953.38574,1324.907,-1.5,-3.75,-2.25,-0.75,-1.5,-2.25,0.81933594,0.81933594,804.53125,3,140,108.375,2549.9626,0,7.03125,-4.6875,0.78125,0,6339.71,15,-1,99.60784
8.494,8494,32.25,2.25,1023.96875,0,99.90234,0.8076172,0.796875,3,895.6625,904.9125,132179.83,135669,99.66278,82.603455,5776.3667,14.25,5.9480004,6.168,1016.2372,2513.1472,2454.6074,2455.7683,2453.5295,945.2598,1321.0708,-1.5,-3.375,-2.25,-2.25,-1.5,-2.25,0.81933594,0.81933594,798.03125,3,141,108.375,2549.9626,0,6.25,-4.6875,0.78125,0,6400.707,15,-1,99.60784
8.595,8595,33,2.25,1023.96875,0,99.90234,0.81933594,0.8017578,3,899.85,905.975,134233.53,136292.53,98.99597,82.9834,5638.3916,14.625,5.9480004,6.116,1016.1543,2509.499,2448.6375,2456.9292,2440.3457,947.33276,1315.5813,-1.125,-3.375,-2.25,-2.25,-1.5,-3.75,0.81933594,0.81933594,794.8125,3,142,108.375,2549.9626,0,6.25,-4.6875,0,0,6469.7036,15.5,-1,99.60784
8.694,8694,33.75,2.25,1023.96875,0,99.90234,0.81347656,0.8027344,3,906.7875,911.1,132917.45,136602.97,99.998474,83.444214,5603.898,14.25,5.9040003,6.1480002,1016.07135,2503.1143,2462.2358,2474.0103,2450.5447,944.9281,1327.8743,-1.125,-3.375,-1.875,-2.25,-1.5,-3.75,0.81933594,0.81933594,800.4375,3,144,108.375,2549.9626,0,5.46875,-4.6875,0,0,6514.7017,15.5,-1,99.60784
8.794,8794,34.5,2.25,1023.96875,0,99.90234,0.8125,0.8154297,3,904.4125,914.0375,132949.3,137223.86,99.998474,83.93707,5585.3247,14.625,5.852,6.0360003,1016.1543,2495.6516,2453.4468,2464.3088,2442.6675,938.8751,1316.4716,-1.125,-3,-1.875,-1.875,-1.125,-3.75,0.81933594,0.81933594,798.96875,3,145,108.75,2549.9626,0,4.6875,-4.6875,-0.78125,0,6577.6987,15.5,-1,99.60784
8.894,8894,35.25,2.25,1023.96875,0,99.90234,0.8076172,0.8105469,3,907.1625,916.5375,135804.31,137844.75,98.60535,84.49249,5550.831,13.875,5.8120003,6.0160003,1016.2372,2499.383,2456.9292,2477.1611,2436.6973,948.90814,1313.7585,-1.125,-3,-3.75,-3.375,-2.625,-3.375,0.81933594,0.81933594,790.9375,3,146,108.75,2549.9626,0,3.90625,-4.6875,-0.78125,0,6625.697,16.5,-1,99.60784
8.994,8994,36.75,1.5,1023.96875,0,99.90234,0.8261719,0.8066406,3,913.1625,922.1,135379.78,138468.28,99.71619,85.00061,5587.978,14.25,5.7320004,5.952,1016.3201,2511.9866,2450.213,2456.9292,2443.5796,942.85516,1301.9742,-0.75,-3,-3.75,-3.375,-2.625,-3.375,0.81933594,0.81933594,791.375,3,147,108.75,2549.9626,0,3.90625,-4.6875,-1.5625,0,6700.6934,16.5,-1,99.60784
9.095,9095,37.5,1.5,1023.96875,0,99.90234,0.8183594,0.81152344,3,918.975,928.1,137953.53,138778.73,97.254944,85.00061,5638.3916,13.875,5.728,5.8160005,1016.2372,2515.552,2468.6206,2478.0732,2459.251,940.1189,1302.6525,-2.625,-2.625,-3.75,-3.375,-2.625,-3.375,0.81933594,0.81933594,782.21875,3,149,108.75,2549.9626,0,3.90625,-4.6875,-1.5625,0,6753.691,15,-1,99.60784
9.194,9194,38.25,1.5,1023.96875,0,99.90234,0.82128906,0.8105469,3,927.975,935.5375,139333.28,139399.62,97.254944,85.00061,5670.232,14.625,5.6520004,5.8320003,1016.3201,2529.8967,2450.296,2468.4548,2432.137,933.65137,1289.003,-2.625,-2.625,-3.375,-3,-2.25,-3.375,0.81933594,0.81933594,775.53125,3,150,108.75,2549.9626,0,3.90625,-4.6875,-1.5625,0,6810.688,15.5,-1,99.60784
9.294,9294,39.75,1.5,1023.96875,0,99.90234,0.8154297,0.8261719,3,939.225,941.225,140251.34,140020.5,96.7392,85.00061,5678.1924,14.625,5.5880003,5.788,1016.3201,2550.9578,2456.4316,2462.4846,2450.4617,935.64136,1270.5212,-3.75,-4.5,-3.375,-3,-2.25,-3,0.81933594,0.81933594,769.40625,3,151,108.75,2549.88,0.025634766,3.90625,-4.6875,-1.5625,0,6856.686,14.5,-1,99.60784
9.395,9395,40.5,1.5,1023.96875,0,99.90234,0.83203125,0.8203125,3,947.5375,947.0375,140399.94,140330.95,95.98389,85.00061,5670.232,14.625,5.5600004,5.708,1016.2372,2547.8896,2465.221,2476.7466,2453.6956,937.7143,1275.2477,-3.75,-4.5,-3.375,-3,-3.75,-4.5,0.81933594,0.81933594,760.21875,3,152,108.75,2549.9626,0,3.90625,-4.6875,-1.5625,0,6918.683,14.5,-1,99.60784
9.494,9494,41.25,1.5,1023.96875,0,99.90234,0.81347656,0.8183594,3,955.225,956.0375,139083.88,140954.48,97.59216,85.00061,5667.5786,13.875,5.5080004,5.7120004,1016.3201,2554.0256,2463.8113,2482.6335,2444.989,930.41754,1264.947,-3.75,-4.5,-5.25,-2.625,-5.625,-4.5,0.81933594,0.81933594,755.75,3,154,108.75,2549.9626,0,3.90625,-4.6875,-1.5625,0,6945.682,15,-1,99.60784
9.595,9595,42,1.5,1023.96875,0,99.90234,0.828125,0.8203125,3,965.1625,963.9125,141562.11,141575.38,96.83685,85.00061,5635.7383,14.25,5.5160003,5.716,1016.403,2574.4233,2456.2659,2459.6655,2452.8662,936.88513,1248.2242,-3.375,-4.125,-5.25,-2.625,-5.625,-4.5,0.81933594,0.81933594,753.625,3,155,108.75,2549.9626,0,3.90625,-4.6875,-1.5625,0,7008.679,15.5,-1,99.60784
9.695,9695,42.75,1.5,1023.96875,0,99.90234,0.8183594,0.81640625,3,975.725,969.4125,139513.72,141885.81,98.33832,85.00061,5646.352,13.875,5.484,5.668,1016.403,2582.3005,2469.5327,2473.8445,2465.221,931.993,1247.1222,-4.875,-4.125,-5.25,-4.125,-5.625,-4.5,0.81933594,0.81933594,748.40625,3,156,108.75,2549.9626,0,3.90625,-4.6875,-1.5625,0,7058.677,14,-1,99.60784
9.795,9795,44.25,1.5,1023.96875,0,99.90234,0.84277344,0.8300781,3,982.725,973.35,139800.28,142506.7,98.78235,85.00061,5633.085,14.25,5.432,5.624,1016.48596,2601.5374,2479.1511,2484.375,2474.0103,933.65137,1238.8774,-4.875,-4.125,-4.875,-4.125,-5.25,-4.125,0.81933594,0.81933594,740.71875,3,157,108.75,2549.9626,0,4.6875,-4.6875,-0.78125,0,7099.675,14,-1,99.60784
9.894,9894,45,1.5,1023.96875,0,99.90234,0.8261719,0.8261719,3,991.35,981.0375,142145.84,142819.8,97.36023,85.00061,5593.2847,14.625,5.42,5.584,1016.56885,2616.3796,2476.9124,2477.41,2476.4978,928.01294,1231.1837,-4.875,-3.75,-4.875,-4.125,-5.25,-4.125,1,1,346.8125,4,158,108.75,2549.9626,0,5.46875,-4.6875,0,0,6783.6895,14,-1,99.60784
9.995,9995,45.75,1.5,343,0,99.90234,0.94433594,2.0634766,3,1000.2875,986.225,111791.4,104831.63,36.083984,40.98053,7198.568,11.625,4.6480002,5.2400002,1016.48596,2598.3865,2487.111,2496.315,2477.9902,948.90814,1286.8835,-3.75,-3.75,-4.875,-4.5,-5.25,-4.125,1,1,365.96875,4,158,107.25,2549.9626,0,0,-4.6875,0,0,5737.7373,2,-1,99.60784
10.094,10094,46.5,1.5,655,0,99.90234,2.5976562,2.9794922,3,993.7875,987.9125,124766.336,129375.22,99.513245,84.13086,5940.875,10.875,5.3440003,6.0160003,1016.403,2760.1587,2487.6086,2488.0232,2487.194,953.63446,1212.9349,-3.375,-3.375,-3,-3.75,-4.5,-2.25,0.81933594,0.81933594,723.78125,4,159,105,2549.9626,0,0,-4.6875,0,0,5720.7383,9.5,-1,99.60784
10.194,10194,48,1.5,1023.96875,0,99.90234,0.9404297,0.8564453,3,1015.725,1010.2875,137465.31,130813.34,85.85205,85.00061,4855.6504,11.25,5.0800004,5.5680003,1016.3201,2732.3813,2479.9802,2487.6917,2472.3518,967.233,1212.066,-5.25,-3.75,-3.75,-4.5,-4.875,-3,0.81933594,0.81933594,719.0625,4,160,106.5,2549.9626,0,0,-4.6875,0,0,5814.734,10,-1,99.60784
10.294,10294,48.75,1.5,1023.96875,0,99.90234,0.9511719,0.87109375,3,1029.1,1012.5375,138632.8,130993.77,81.38275,84.30939,5656.9653,11.25,5.072,5.604,1016.2372,2728.65,2484.4578,2483.38,2485.536,958.19495,1211.0487,-5.25,-3.375,-3.75,-4.5,-4.875,-4.5,0.81933594,0.81933594,716.90625,4,161,105.75,2549.9626,0,0,-4.6875,0,0,5750.737,10.5,-1,99.60784
10.394,10394,49.5,1.5,1023.96875,0,99.90234,0.94433594,0.87597656,3,1036.725,1005.7875,137486.55,130274.71,81.303406,84.25598,6492.774,10.875,5.0800004,5.5800004,1016.1543,2748.4673,2472.6836,2488.6865,2456.7634,970.3009,1200.3665,-5.25,-3.375,-3.375,-4.125,-4.875,-4.5,0.81933594,0.81933594,720.8125,4,162,105,2549.88,0,0,-4.6875,0,0,5583.744,10,-1,99.60784
10.494,10494,50.25,1.5,1023.96875,0,99.90234,0.96191406,0.89453125,3,1043.2875,1001.475,135093.22,129375.22,83.12988,79.40216,6994.2593,11.25,5.032,5.556,1016.07135,2795.067,2479.6487,2477.4927,2481.8044,954.13196,1199.2855,-4.125,-2.625,-2.25,-3,-3.75,-3,0.81933594,0.81933594,723.28125,4,163,102.75,2549.9626,0,0,-4.6875,0,0,5450.7505,11,-1,99.60784
10.595,10595,51,1.5,1023.96875,0,99.90234,0.9824219,0.9111328,3,1048.5375,1003.7875,136791.36,128836.586,75.46387,78.44696,6988.9526,12,4.9960003,5.512,1016.1543,2793.5745,2489.8474,2489.0183,2490.7595,954.2978,1185.6997,-2.25,-3.375,-0.75,-3.375,-1.875,-2.625,0.81933594,0.81933594,720.375,4,164,102,2549.88,0,0,-4.6875,0,0,5435.751,12.5,-1,99.60784
10.694,10694,51,1.5,1023.96875,0,99.90234,0.7871094,0.92285156,3,1052.6,1002.85,135363.86,129194.79,82.377625,77.386475,7020.793,11.25,5.168,5.748,1016.1543,2804.7683,2487.526,2490.7595,2484.292,978.261,1189.324,-3.75,-3,-8.25,-3.375,-1.5,-2.25,0.81933594,0.81933594,718.34375,4,165,103.5,2549.9626,0,0,-4.6875,5.46875,0,5570.745,11,-1,99.60784
10.794,10794,51.75,1.5,1023.96875,0,99.90234,0.8847656,0.87890625,3,1050.725,1007.35,135756.55,129913.85,84.617615,78.959656,6792.6035,11.625,5.472,5.7920003,1016.2372,2818.0352,2481.7217,2479.8145,2483.6287,962.7554,1192.1853,-5.25,-4.5,-9.375,-4.5,-4.125,-6,0.7792969,0.81933594,690.25,4,166,105,2549.9626,0,5.46875,-4.6875,7.03125,0,5668.7407,10,-1,99.60784
10.895,10895,52.5,1.5,1023.96875,0,99.90234,0.8691406,0.8642578,3,1039.0375,1003.85,135618.58,130274.71,85.55603,80.244446,6606.8687,9.375,5.616,5.852,1016.3201,2827.073,2483.5457,2493.164,2473.9272,971.0472,1191.2739,-5.25,-4.5,-10.5,-4.5,-4.125,-6,0.7792969,0.81933594,686.15625,4,167,104.625,2549.88,0,7.03125,-4.6875,8.59375,0,5660.7407,10,-1,99.60784
10.994,10994,52.5,1.5,1023.96875,0,99.90234,0.8486328,0.8642578,3,1031.1625,1002.975,135342.62,130094.28,85.339355,80.16815,6548.4946,7.875,5.748,5.9040003,1016.403,2839.9253,2467.4597,2478.6536,2456.3489,962.58954,1182.4146,-5.25,-4.125,-10.5,-4.125,-4.125,-6,0.7792969,0.81933594,684.40625,4,168,104.625,2549.88,0,10.9375,-4.6875,9.375,0,5598.7437,8.5,-1,99.60784
11.094,11094,53.25,1.5,1023.96875,0,99.90234,0.85546875,0.8515625,3,1023.975,1000.85,134419.27,129736.08,86.294556,79.70886,6564.4146,8.25,5.82,5.92,1016.3201,2857.338,2475.1711,2480.0632,2470.279,947.33276,1171.3508,-4.125,-3.75,-9.75,-3.75,-3.375,-4.875,0.7792969,0.81933594,688.6875,4,168,104.25,2549.88,0,13.28125,-4.6875,10.9375,0,5613.743,8.5,-1,99.60784
11.195,11195,53.25,1.5,1023.96875,0,99.90234,0.85546875,0.8642578,3,1023.7875,998.4125,133846.14,130094.28,86.997986,79.444885,6511.3477,8.625,5.8640003,5.9960003,1016.2372,2858.1672,2486.6138,2492.2522,2480.9753,967.233,1177.4337,-4.875,-4.125,-9.75,-4.125,-3.75,-5.625,0.78515625,0.81933594,682.15625,4,169,104.25,2549.9626,0,15.625,-4.6875,11.71875,0,5640.7417,8.5,-1,99.60784
11.295,11295,54,1.5,1023.96875,0,99.90234,0.8535156,0.83984375,3,1016.7875,993.9125,132514.14,130094.28,87.17041,79.055786,6399.9062,8.625,5.7760005,6.0160003,1016.1543,2839.9253,2478.322,2481.5557,2475.1711,956.122,1171.7112,-4.875,-3.75,-10.125,-3.75,-3.75,-5.625,0.8046875,0.81933594,693,4,170,104.625,2549.88,0,17.96875,-4.6875,12.5,0,5607.743,8.5,-1,99.60784
11.395,11395,54,1.5,1023.96875,0,99.90234,0.85058594,0.84765625,3,1013.225,992.7875,131505.88,130094.28,87.48474,78.76892,6293.772,8.625,5.82,6.064,1016.2372,2854.9333,2473.43,2476.5806,2470.279,974.28094,1165.3103,-4.5,-3.75,-9.75,-3.75,-3.75,-5.625,0.81933594,0.81933594,685.1875,4,171,104.625,2549.9626,0,20.3125,-4.6875,13.28125,0,5653.741,9,-1,99.60784
11.495,11495,54,1.5,1023.96875,0,99.90234,0.8564453,0.8378906,3,1016.725,985.975,130678.02,130274.71,88.39874,78.5614,6219.478,8.625,5.8640003,6.1280003,1016.3201,2838.8474,2474.8394,2474.7566,2474.9224,978.67554,1176.1196,-4.5,-3.75,-9.75,-3.75,-3.75,-5.625,0.81933594,0.81933594,683.34375,4,172,105,2549.9626,0,21.875,-4.6875,14.0625,0,5661.7407,9,-1,99.60784
11.594,11594,54.75,1.5,1023.96875,0,99.90234,0.85058594,0.84375,3,1017.4125,981.85,130232.26,130274.71,88.83057,78.44696,6078.8496,9,5.9680004,6.1520004,1016.3201,2836.5256,2480.3948,2490.0962,2470.7764,957.6145,1175.399,-4.5,-3.75,-9.75,-3.75,-3.375,-5.25,0.81933594,0.81933594,687.09375,4,173,105.375,2549.9626,0,21.875,-4.6875,14.84375,0,5706.739,9,-1,99.60784
11.694,11694,54.75,1.5,1023.96875,0,99.90234,0.83984375,0.8232422,3,1017.475,981.2875,131405.05,130455.14,88.264465,78.45459,5999.249,8.625,5.972,6.096,1016.403,2847.388,2463.5627,2475.9172,2451.208,959.7704,1165.2043,-4.5,-3.375,-9.75,-3.375,-3.375,-5.25,0.81933594,0.81933594,684.78125,4,173,105.75,2549.88,0,23.4375,-4.6875,14.84375,0,5725.738,9.5,-1,99.60784
11.795,11795,54.75,1.5,1023.96875,0,99.90234,0.83984375,0.84277344,3,1014.975,978.5375,130731.086,130632.914,89.367676,78.575134,5840.0474,9,5.9440002,6.1840005,1016.3201,2827.7363,2475.7515,2469.6985,2481.8044,948.90814,1170.2911,-4.125,-3.375,-9.375,-3.375,-3.375,-5.25,0.81933594,0.81933594,692.21875,4,174,106.125,2549.88,0,23.4375,-4.6875,15.625,0,5772.736,10,-1,99.60784
11.895,11895,55.5,1.5,1023.96875,0,99.90234,0.8339844,0.82910156,3,1010.9125,977.5375,130242.87,130813.34,89.834595,78.78876,5797.5933,9.75,5.9600005,6.156,1016.403,2826.5754,2477.6587,2471.6057,2483.7117,949.73737,1173.979,-4.125,-3.375,-9.375,-3.375,-3.375,-4.875,0.81933594,0.81933594,699,4,175,106.125,2549.88,0,24.21875,-4.6875,16.40625,0,5795.735,10.5,-1,99.60784
11.994,11994,55.5,1.5,1023.96875,0,99.90234,0.8261719,0.82910156,3,1007.1625,975.225,130014.68,131174.2,90.11536,79.06189,5747.1797,9.375,5.9960003,6.2560005,1016.48596,2821.8494,2479.8975,2478.5708,2481.307,954.13196,1173.5127,-4.125,-3.375,-9.375,-3.375,-3,-4.875,0.81933594,0.81933594,689.96875,4,176,106.5,2549.9626,0,25,-4.6875,16.40625,0,5807.7344,9.5,-1,99.60784
12.095,12095,55.5,1.5,1023.96875,0,99.90234,0.8378906,0.8261719,3,1004.6625,971.4125,129897.93,131174.2,90.55328,79.356384,5710.0327,9.375,6.0280004,6.216,1016.56885,2812.3967,2475.5857,2486.9453,2464.226,969.47174,1174.8268,-4.125,-3,-9.375,-3,-3,-4.875,0.81933594,1,462.6875,4,177,106.125,2549.9626,0,25,-4.6875,0,0,5649.741,4.5,-1,99.60784
12.195,12195,55.5,1.5,392,0,99.90234,0.8251953,0.9433594,3,1003.7875,962.975,115283.22,112062.04,37.1933,39.31732,6657.282,0.375,4.9960003,5.3960004,1016.6518,2836.6914,2499.9634,2499.9634,2499.9634,980.8314,1195.3645,-2.25,-2.25,-8.625,-2.25,-2.625,-3,1,0.81933594,600.6875,5,177,96,2549.88,0,0,-4.6875,0,0,4440.797,8,-1,99.60784
12.294,12294,55.5,1.5,870,0,99.90234,2.15625,1.234375,3,1012.2875,980.4125,107381.516,126498.98,99.998474,69.807434,6110.69,7.125,6.3360004,7.0400004,1016.7347,2666.047,2494.325,2492.7495,2495.9004,985.7236,1265.1802,-0.75,-1.125,-7.125,-1.125,-1.125,-1.5,0.81933594,0.81933594,730.96875,5,178,96,2549.9626,0,0,-4.6875,0,0,4556.7915,7.5,-1,99.60784
12.394,12394,56.25,1.5,1023.96875,0,99.90234,0.9326172,0.8613281,3,1024.7875,993.4125,122447.3,126498.98,83.750916,73.428345,5266.9214,8.25,5.6520004,6.3320003,1016.6518,2708.501,2492.9983,2495.5688,2490.428,979.9193,1193.8597,-1.875,0,-5.25,0,0,-0.375,0.81933594,0.81933594,752.875,5,178,96,2549.88,0,0,-4.6875,0,0,4568.791,8,-1,99.60784
12.494,12494,56.25,1.5,1023.96875,0,99.90234,0.9667969,0.8886719,3,1029.5375,983.4125,126347.734,126498.98,81.41174,71.99402,5500.417,8.625,5.4440002,6.1280003,1016.7347,2682.8794,2488.8525,2498.9685,2478.8193,975.5247,1239.3438,-1.875,0,-5.25,0,0,-0.375,0.81933594,0.81933594,726.5,5,179,96,2549.9626,0,0,-4.6875,0,0,4629.788,8,-1,99.60784
12.596,12596,56.25,1.5,1023.96875,0,53.027344,0.9736328,0.88964844,3,1038.0375,975.975,128327.14,126498.98,80.72815,72.22748,5866.581,7.125,5.2960005,5.88,1016.8176,2919.9407,2179.3213,2194.3293,2164.3132,1015.49097,946.58014,-1.875,0,-4.875,0,0,-1.875,0.82421875,0.82421875,541.5,5,180,99,281.0075,68.0603,0,-4.6875,0,0,4500.794,18.5,-1,39.607845
12.695,12695,56.25,1.5,1023.96875,0,0,0.95214844,0.9003906,4,1045.975,974.1,117522.66,105484.36,8.532715,33.94928,6888.1245,8.25,1.8320001,2.0600002,1016.8176,1203.465,1047.9117,1048.4921,1047.4142,747.5844,435.55276,-0.75,0,-3.375,0,0,-1.875,0.9892578,0.9892578,136.75,5,179,124.875,240.95833,68.239746,0,-4.6875,0,0,4508.7935,0.5,-1,7.8431373
12.794,12794,56.25,1.5,1023.96875,0,0,1.1142578,1.0634766,4,1011.5375,946.1,82975.9,74662.92,0,33.94928,7111.007,-2.625,0.628,0.688,1016.9006,455.21722,406.8763,410.85635,402.89627,293.52805,143.95496,0,0,-2.25,0,0,0,0.9951172,0.9951172,9.59375,5,179,124.875,246.0163,68.41919,0,-4.6875,0.78125,0,4411.798,-14.5,-1,10.196078
12.896,12896,56.25,1.5,1023.96875,0,0,0.9628906,0.95996094,4,987.225,933.4125,69666.64,43841.48,0,33.94928,7132.234,-12.75,0.42000002,0.448,1016.9006,309.53113,298.33725,306.46317,290.21133,226.86235,97.43241,0,0,0,0,0,0,0.99902344,0.99902344,6.84375,5,178,124.875,247.75757,68.59863,3.125,-4.6875,-3.90625,0,4432.797,-11.5,-1,10.980392
12.996,12996,56.25,1.5,1023.96875,0,0,0.84375,0.8955078,4,967.975,920.725,57333.82,37521.176,0,33.94928,7158.7676,-11.25,0.42000002,0.46,1016.98346,269.81363,271.14032,274.8716,267.49194,205.8013,87.725204,0,0,0,0,0,0,0.99902344,0.99902344,6.25,5,178,124.875,247.50882,68.778076,-3.90625,-4.6875,-7.8125,0,4462.796,-11.5,-1,12.156863
13.096,13096,56.25,2.25,1023.96875,0,0,0.8027344,0.84375,4,948.6625,906.7875,46311.76,39723.465,0,33.94928,7148.1543,-11.25,0.344,0.4,1016.98346,259.11728,280.75876,282.33417,279.18332,214.17596,93.511375,0,0,0,0,0,0,0.99902344,0.99902344,6.625,5,178,124.875,247.75757,68.95752,-10.9375,-4.6875,-13.28125,0,4475.795,-11.5,-1,12.54902
13.196,13196,56.25,2.25,1023.96875,0,0,0.8964844,0.95214844,4,930.725,893.1,37157.664,39131.766,8.911133,33.94928,7156.1143,-12,0.42000002,0.5,1016.9006,261.02438,309.69696,316.16452,303.2294,237.9733,109.44985,0,0,0,0,0,0,0.9980469,0.9980469,7.625,5,177,124.875,246.26506,69.13696,-18.75,-4.6875,-8.59375,0,4451.7964,-13,-1,12.941176
13.296,13296,56.25,3,1023.96875,0,0,1.0166016,1.0644531,4,915.35,881.5375,35714.24,38325.145,11.489868,33.94928,7047.326,-13.125,0.508,0.57600003,1016.8176,269.23322,315.0866,322.3004,307.9557,247.0113,112.629074,0,0,0,0,0,0,0.9980469,0.9980469,7.65625,5,177,124.875,246.18213,69.31641,-15.625,-4.6875,-3.125,0,4440.797,-13,-1,12.54902
13.396,13396,55.5,3,1023.96875,0,0,1.0644531,1.0703125,4,903.9125,872.85,32991.89,38155.33,15.974426,33.94928,6914.658,-12.75,0.55600005,0.61600006,1016.7347,272.21823,308.0386,315.16953,300.99063,234.98827,108.72923,0,0,0,0,0,0,0.99902344,0.99902344,7.125,5,177,124.875,247.0113,69.49585,-9.375,-4.6875,-1.5625,0,4427.7974,-13,-1,12.156863
13.495,13495,55.5,3,1023.96875,0,0,1.0302734,1.0458984,4,893.4125,865.35,34695.348,38410.05,14.097595,33.94928,6728.9233,-12.375,0.508,0.58000004,1016.6518,271.0574,298.33725,303.8098,292.86472,227.02818,103.197395,0,0,0,0,0,0,0.99902344,0.99902344,6.8125,5,176,124.875,246.51381,69.67529,-6.25,-4.6875,1.5625,0,4410.798,-12,-1,11.764706
13.594,13594,55.5,3.75,1023.96875,0,0,1.0703125,1.0244141,4,883.725,858.225,35608.1,38792.137,13.987732,33.94928,6484.814,-11.625,0.48400003,0.54,1016.56885,263.76065,281.4221,286.39713,276.44702,215.08806,95.461296,0,0,0,0,0,0,0.99902344,0.99902344,6.46875,5,176,124.875,245.76755,69.88037,-4.6875,-4.6875,2.34375,0,4411.798,-11.5,-1,11.764706
13.694,13694,55.5,3.75,1023.96875,0,0,1.0273438,1.0039062,4,874.4125,850.975,35273.777,38813.363,15.159607,33.94928,6256.625,-11.625,0.48800004,0.536,1016.48596,262.5998,276.19827,280.50998,271.96948,208.45467,92.875534,0,0,0,0,0,0,0.99902344,0.99902344,6.125,5,175,124.875,245.68463,70.059814,-3.125,-4.6875,1.5625,0,4396.799,-11.5,-1,11.764706
13.796,13796,55.5,3.75,1023.96875,0,0,1.0302734,1.0244141,4,865.5375,843.975,35958.348,38983.176,15.351868,33.94928,6023.129,-11.25,0.476,0.51600003,1016.403,259.2002,273.13034,278.1883,268.15527,203.8942,92.006546,0,0,0,0,0,0,0.99902344,0.99902344,6.03125,5,175,124.875,245.43588,70.23926,-0.78125,-4.6875,3.125,0,4384.7993,-11.5,-1,11.764706
13.896,13896,54.75,4.5,1023.96875,0,0,0.99609375,1.0146484,4,857.1,837.5375,35528.5,39131.766,16.625977,33.94928,5802.9004,-11.625,0.476,0.51600003,1016.3201,258.95145,267.57486,274.12534,261.02438,205.71838,90.5865,0,0,0,0,0,0,0.99902344,0.99902344,6.03125,5,175,124.875,245.43588,70.4187,0,-4.6875,2.34375,0,4383.7993,-11.5,-1,11.764706
13.995,13995,54.75,4.5,1023.96875,0,0,0.99121094,1.0332031,4,849.6,831.475,37327.48,39068.086,15.557861,33.94928,5572.0576,-11.625,0.46,0.5,1016.2372,258.86853,264.67273,271.472,257.95642,205.38672,89.31481,0,0,0,0,0,0,0.99902344,0.99902344,5.8125,5,174,124.875,245.43588,70.598145,0.78125,-4.6875,3.90625,0,4371.8,-11.5,-1,11.372549
14.095,14095,54.75,4.5,1023.96875,0,0,0.9794922,1.0244141,4,842.5375,825.7875,41461.418,39025.633,12.158203,33.94928,5285.4946,-11.625,0.43600002,0.47200003,1016.3201,258.12225,268.15527,272.8816,263.5119,199.99707,90.09902,0,0,0,0,0,0,0.99902344,0.99902344,6.03125,5,174,124.875,245.35297,70.77759,0.78125,-4.6875,3.125,0,4353.801,-11.5,-1,11.764706
14.195,14195,54,5.25,1023.96875,0,0,0.9423828,0.97753906,5,836.2875,820.475,39726.117,39946.348,6.025696,33.94928,5062.6123,-11.625,0.46,0.47200003,1016.2372,258.03934,267.90652,272.8816,263.0144,204.64046,90.41694,0,0,0,0,0,0,1,0.99902344,5.28125,5,174,124.875,244.77254,70.95703,-2.34375,-4.6875,0,0,4342.8013,-11.5,-1,11.372549
14.296,14296,54,5.25,1023.96875,0,0,1.0751953,0.9814453,5,830.2875,815.5375,35751.383,38991.137,7.9223633,33.94928,4943.2114,-11.625,0.6,0.624,1016.3201,257.95642,267.98944,272.21823,263.84357,201.4896,90.28977,0,0,0,0,0,0,1,1,3.09375,5,173,124.875,244.6067,71.136475,0,-4.6875,0,0,4325.802,-11.5,-1,11.372549
14.395,14395,54,5.25,1023.96875,0,0,1.5810547,1.3134766,5,824.85,810.6,35157.03,37545.055,4.6279907,33.94928,4903.4106,-12,0.68,0.72,1016.403,268.98447,271.5549,277.02747,266.08234,211.10802,92.345665,0,0,0,0,0,0,1,1,0,6,173,96.75,542.28064,71.31592,0,-4.6875,0,0,4277.804,-19.5,-1,22.352942
14.495,14495,54,5.25,1023.96875,0,0,2.6748047,3.3203125,5,819.1625,805.5375,33198.85,37545.055,7.875061,33.94928,4924.6377,-20.25,1.6400001,1.8040001,1016.48596,567.1559,542.1148,545.0998,539.21265,445.26712,231.84972,0,0,0,0,0,0,1,1,0,6,172,96.375,500.73895,71.49536,0,-4.6875,0,0,4217.807,-20.5,-1,18.82353
14.595,14595,53.25,6,1023.96875,0,0,4,4,5,817.475,805.0375,33787.9,37545.055,8.139038,33.94928,4911.371,-20.25,1.5600001,1.7400001,1016.56885,541.78314,525.28253,527.35547,523.2925,428.6007,219.13286,0,0,0,0,0,0,1,1,0,6,172,96,500.4902,71.674805,0,-4.6875,0,0,4165.809,-20.5,-1,18.82353
14.694,14694,53.25,6,1023.96875,0,0,4,4,5,817.6625,806.6,33915.258,37545.055,9.088135,33.94928,4943.2114,-20.25,1.4920001,1.6400001,1016.56885,534.9839,513.0936,518.81494,507.45526,420.226,216.61067,0,0,0,0,0,0,1,1,0,6,172,95.625,492.53012,71.85425,0,-4.6875,0,0,4119.8115,-20.5,-1,18.431374
14.795,14795,52.5,6,1023.96875,0,0,4,4,5,817.0375,807.0375,37423,37545.055,0.76293945,33.94928,4892.7974,-20.25,1.44,1.5960001,1016.6518,526.94086,508.69904,515.0837,502.31436,421.38687,220.42574,0,0,0,0,0,0,1,1,0,6,171,95.25,484.15543,72.03369,0,-4.6875,0,0,4067.8137,-20.5,-1,18.431374
14.896,14896,52.5,6,1023.96875,0,0,4,4,5,816.1,807.0375,37932.445,37545.055,0.38757324,33.94928,4890.144,-20.25,1.416,1.5760001,1016.7347,515.9958,504.13855,509.5282,498.83185,417.7385,219.04808,0,0,0,0,0,0,1,1,0,6,171,94.875,479.6779,72.213135,0,-4.6875,0,0,4012.8164,-20.5,-1,18.431374
14.996,14996,52.5,6,1023.96875,0,0,4,4,5,814.975,806.6625,38192.477,37385.855,0.07324219,33.94928,4890.144,-20.25,1.4200001,1.544,1016.6518,510.19153,501.9827,506.709,497.33932,418.89935,217.94594,0,0,0,0,0,0,1,1,0,6,171,94.875,480.50708,72.39258,0,-4.6875,0,0,3964.8186,-20.5,-1,18.039215
15.096,15096,51.75,6.75,1023.96875,0,0,4,4,5,813.5375,805.85,38601.094,37226.652,0,33.94928,4887.4907,-20.25,1.3840001,1.5480001,1016.56885,506.95776,499.0806,507.37234,490.78885,418.89935,214.51239,0,0,0,0,0,0,1,1,0,6,170,94.5,478.3512,72.57202,0,-4.6875,0,0,3907.821,-20.5,-1,17.647058
15.195,15195,51.75,6.75,1023.96875,0,0,4,4,5,811.85,804.725,38940.723,36908.25,0,33.94928,4903.4106,-20.25,1.3720001,1.5200001,1016.48596,504.63608,500.57312,506.2115,495.01764,416.49472,214.0673,0,0,0,0,0,0,1,1,0,6,170,94.125,473.70782,72.751465,0,-4.6875,0,0,3836.8245,-20.5,-1,17.254902
15.295,15295,51.75,6.75,1023.96875,0,0,4,4,5,810.0375,803.35,39317.5,36430.645,0,33.94928,4919.331,-20.25,1.3560001,1.488,1016.403,499.41226,492.69595,498.2514,487.2234,413.17804,211.58751,0,0,0,0,0,0,1,1,0,6,170,93.375,464.1723,72.93091,0,-4.6875,0,0,3755.8281,-20.5,-1,16.862745
15.395,15395,51,6.75,1023.96875,0,0,4,4,5,807.7875,801.475,39646.52,36114.895,0,33.94928,4898.104,-20.25,1.332,1.452,1016.48596,487.55505,485.64795,491.0376,480.2583,410.02716,208.02678,0,0,0,0,0,0,1,1,0,6,169,93.375,452.89554,73.11035,0,-4.6875,0,0,3689.831,-20.5,-1,16.470589
15.495,15495,51,6.75,1023.96875,0,0,4,4,5,805.5375,799.475,39938.387,35796.492,0,33.94928,4916.6777,-20.25,1.3240001,1.4280001,1016.56885,476.52704,477.9366,483.82376,472.04947,405.4667,205.547,0,0,0,0,0,0,1,1,0,6,169,93,443.94043,73.289795,0,-4.6875,0,0,3627.834,-20.5,-1,16.470589
15.595,15595,50.25,6.75,1023.96875,0,0,4,4,5,802.975,797.225,40187.805,35478.086,0,33.94928,4948.518,-20.25,1.292,1.416,1016.6518,467.15735,474.20532,478.10245,470.3911,401.81833,204.61443,0,0,0,0,0,0,1,1,0,6,169,93,437.22412,73.46924,0,-4.6875,0,0,3573.8364,-20.5,-1,16.078432
15.695,15695,50.25,7.5,1023.96875,0,0,4,4,5,800.0375,794.475,40442.527,35159.684,0,33.94928,4940.558,-20.25,1.212,1.3240001,1016.56885,477.52203,484.15543,487.8038,480.59,414.33887,194.39854,0,0,0,0,0,0,1,1,0,6,168,92.625,469.97653,73.64868,0,-4.6875,0,0,3514.839,-20.5,-1,15.686275
15.795,15795,50.25,7.5,1023.96875,0,0,4,4,5,797.0375,791.6,40813.996,35000.484,0,33.94928,4940.558,-20.25,1.24,1.36,1016.6518,490.87177,494.0226,499.82684,488.21838,422.0502,195.52187,0,0,0,0,0,0,1,1,0,6,168,93,463.34314,73.828125,0,-4.6875,0,0,3462.8416,-20.5,-1,15.294118
15.895,15895,49.5,7.5,1023.96875,0,0,4,4,5,793.7875,788.5375,41095.254,35000.484,0,33.94928,4953.8247,-20.25,1.192,1.304,1016.56885,483.40918,480.6729,485.23337,476.19534,411.68552,190.68945,0,0,0,0,0,0,1,1,0,6,168,93.375,453.89053,74.00757,0,-4.6875,0,0,3396.8445,-20.5,-1,14.901961
15.995,15995,49.5,7.5,1023.96875,0,0,4,4,5,790.85,785.7875,41185.47,35000.484,0,33.94928,4932.5977,-20.25,1.148,1.248,1016.48596,470.14236,471.38614,475.78076,467.07443,404.80338,184.4158,0,0,0,0,0,0,1,1,0,6,167,93.375,447.34006,74.18701,0,-4.6875,0,0,3324.848,-20.5,-1,14.509804
16.095,16095,49.5,7.5,1023.96875,0,0,4,4,5,787.6625,782.6625,41440.19,35000.484,0,33.94928,4945.8647,-20.25,1.136,1.2440001,1016.403,466.0794,468.06943,474.20532,462.01645,404.80338,182.95335,0,0,0,0,0,0,1,1,0,6,167,93.375,444.355,74.366455,0,-4.6875,0,0,3323.848,-20.5,-1,14.509804
16.195,16195,48.75,7.5,1023.96875,0,0,4,4,5,784.6,779.6625,41912.49,35000.484,0,33.94928,4980.3584,-20.25,1.1,1.2160001,1016.3201,456.79266,461.51895,466.16232,456.9585,398.4187,180.53716,0,0,0,0,0,0,1,1,0,6,167,93.375,442.4479,74.5459,0,-4.6875,0,0,3309.8484,-20.5,-1,14.509804
16.295,16295,48.75,7.5,1023.96875,0,0,4,4,5,781.5375,776.6625,42161.902,35000.484,0,33.94928,4951.1714,-20.25,1.108,1.212,1016.2372,454.71973,464.91858,469.64487,460.19226,403.39377,182.02078,0,0,0,0,0,0,1,1,0,6,166,93.375,442.61377,74.72534,0,-4.6875,0,0,3309.8484,-20.5,-1,14.509804
16.395,16395,48,8.25,1023.96875,0,0,4,4,5,778.35,773.6,42188.438,35000.484,0,33.94928,4951.1714,-20.25,1.116,1.2240001,1016.1543,457.9535,466.82568,471.2203,462.43103,405.4667,183.75876,0,0,0,0,0,0,1,1,0,6,166,93.375,442.11624,74.904785,0,-4.6875,0,0,3296.849,-20.5,-1,14.509804
16.495,16495,48,8.25,1023.96875,0,0,4,4,5,775.6625,770.9125,42437.85,35000.484,0,33.94928,4980.3584,-20.25,1.1040001,1.2080001,1016.07135,456.5439,459.446,465.66483,453.2272,398.8333,180.32521,0,0,0,0,0,0,1,1,0,6,166,93.75,436.72662,75.08423,0,-4.6875,0,0,3294.849,-20.5,-1,14.117647
16.597,16597,47.25,8.25,1023.96875,0,0,4,4,5,773.1,768.4125,42878.312,35000.484,0,33.94928,4985.665,-20.25,1.0840001,1.184,1016.1543,451.48593,453.06137,458.11932,448.0034,395.59952,177.20958,0,0,0,0,0,0,1,1,0,6,165,93.75,435.64868,75.26367,0,-4.6875,0,0,3282.8496,-20.5,-1,14.117647
16.695,16695,47.25,8.25,1023.96875,0,0,4,4,5,770.4125,765.7875,43127.727,35000.484,0,33.94928,4964.438,-20.25,1.0680001,1.156,1016.1543,448.16922,449.08133,454.38803,443.8575,389.96112,177.0612,0,0,0,0,0,0,1,1,0,6,165,93.75,435.15118,75.443115,0,-4.6875,0,0,3278.8499,-20.5,-1,14.117647
16.795,16795,47.25,8.25,1023.96875,0,0,4,4,5,767.85,763.2875,43186.1,35000.484,0,33.94928,4967.0913,-20.25,1.072,1.172,1016.07135,444.43793,452.48093,457.20724,447.75464,391.37073,179.35025,0,0,0,0,0,0,1,1,0,6,164,93.75,433.57574,75.62256,0,-4.6875,0,0,3269.8503,-20.5,-1,14.117647
16.896,16896,46.5,9,1023.96875,0,0,4,4,5,765.475,760.975,43435.516,35000.484,0,33.94928,4964.438,-20.25,1.0960001,1.1880001,1016.1543,447.17422,453.47595,459.03143,448.0034,396.0141,178.84157,0,0,0,0,0,0,1,1,0,6,164,93.75,432.66367,75.802,0,-4.6875,0,0,3261.8506,-20.5,-1,14.117647
16.995,16995,46.5,9,1023.96875,0,0,4,4,5,763.225,758.725,43684.934,35000.484,0,33.94928,4993.625,-20.625,1.056,1.144,1016.2372,444.2721,445.35004,449.82758,440.8725,386.1469,174.58142,0,0,0,0,0,0,1,1,0,6,164,93.75,429.76154,75.981445,0,-4.6875,0,0,3251.851,-20.5,-1,14.117647
17.095,17095,46.5,9,1023.96875,0,0,4,4,5,761.0375,756.6,43934.348,35000.484,0,33.94928,4998.9316,-20.25,1.0400001,1.12,1016.1543,440.78958,442.94543,448.0863,437.88745,381.50354,173.09778,0,0,0,0,0,0,1,1,0,6,163,93.75,428.76654,76.16089,0,-4.6875,0,0,3251.851,-20.5,-1,14.117647
17.195,17195,45.75,9,1023.96875,0,0,4,4,5,758.85,754.475,44183.766,35000.484,0,33.94928,5001.585,-20.25,1.036,1.12,1016.07135,437.30704,443.2771,448.25214,438.30203,388.71738,173.79721,0,0,0,0,0,0,1,1,0,6,163,93.75,428.68362,76.34033,0,-4.6875,0,0,3247.8513,-20.5,-1,14.117647
17.295,17295,45.75,9,1023.96875,0,0,4,4,5,756.5375,752.1625,44380.113,35000.484,0,33.94928,5014.852,-20.25,1.0680001,1.156,1016.1543,439.62872,448.9155,454.05637,443.8575,392.1999,179.35025,0,0,0,0,0,0,1,1,0,6,163,93.75,428.84946,76.519775,0,-4.6875,0,0,3232.852,-20.5,-1,13.725491
17.395,17395,45.75,9,1023.96875,0,0,4,4,5,754.2875,749.975,44560.543,35000.484,0,33.94928,4990.9717,-20.25,1.0680001,1.136,1016.2372,442.365,446.5938,450.57385,442.6967,386.8932,177.01881,0,0,0,0,0,0,1,1,0,6,162,93.75,424.20605,76.69922,0,-4.6875,0,0,3225.8523,-20.5,-1,13.725491
17.495,17495,45,9,1023.96875,0,0,4,4,5,752.225,747.85,44926.707,35000.484,0,33.94928,4996.2783,-20.625,1.0200001,1.1040001,1016.1543,435.7316,438.46786,443.60876,433.327,379.26477,173.24615,0,0,0,0,0,0,1,1,0,6,162,93.75,424.12314,76.87866,0,-4.6875,0,0,3210.853,-20.5,-1,13.725491
17.595,17595,45,9,1023.96875,0,0,4,4,5,750.1,745.85,45133.668,35000.484,0,33.94928,4996.2783,-20.25,1.016,1.1120001,1016.07135,432.99533,437.30704,442.03333,432.58075,381.91812,173.30974,0,0,0,0,0,0,1,1,0,6,162,93.75,424.20605,76.92993,0,-4.6875,0,0,3213.8528,-20.5,-1,13.725491
17.695,17695,45,9,1023.96875,0,0,4,4,5,747.975,743.725,45181.43,35000.484,0,33.94928,5001.585,-21,1.0400001,1.128,1016.1543,436.39493,439.4629,444.10626,434.90244,383.7423,174.60262,0,0,0,0,0,0,1,1,0,6,161,93.75,422.29895,76.75049,0,-4.6875,0,0,3212.853,-20.5,-1,13.725491
17.795,17795,45,9.75,1023.96875,0,0,4,4,5,745.9125,741.6625,45430.844,35000.484,0,33.94928,5006.892,-20.25,1.016,1.1,1016.2372,433.327,435.7316,441.12125,430.34195,379.26477,173.14018,0,0,0,0,0,0,1,1,0,6,161,93.75,422.79648,76.571045,0,-4.6875,0,0,3199.8535,-20.5,-1,13.725491
17.895,17895,44.25,9.75,1023.96875,0,0,4,4,5,744.0375,739.85,45674.953,35000.484,0,33.94928,5006.892,-20.25,1.0120001,1.0960001,1016.1543,431.33698,433.74158,440.37497,427.1082,378.26974,172.82225,0,0,0,0,0,0,1,1,0,6,161,94.125,418.07016,76.3916,0,-4.6875,0,0,3196.8538,-20.5,-1,13.333334
17.995,17995,44.25,9.75,1023.96875,0,0,4,4,5,742.1,737.975,45929.676,35000.484,0,33.94928,5012.1987,-20.25,1.028,1.1,1016.07135,431.17114,437.22412,440.70667,433.74158,379.84518,173.52168,0,0,0,0,0,0,1,1,0,6,160,94.125,417.98724,76.21216,0,-4.6875,0,0,3187.854,-20.5,-1,13.333334
18.095,18095,44.25,9.75,1023.96875,0,0,4,4,5,740.225,736.1,46179.094,35000.484,0,33.94928,5006.892,-20.25,1.008,1.072,1016.1543,428.84946,431.33698,433.8245,428.84946,375.45056,170.40605,0,0,0,0,0,0,1,1,0,6,160,94.125,417.90433,76.032715,0,-4.6875,0,0,3178.8545,-20.5,-1,13.333334
18.195,18195,43.5,9.75,1023.96875,0,0,4,4,5,738.2875,734.1625,46179.094,35000.484,0,33.94928,5004.239,-20.625,0.99600005,1.0680001,1016.2372,426.11316,424.86942,430.25903,419.56268,372.88013,169.09196,0,0,0,0,0,0,1,1,0,6,160,94.125,417.07516,75.85327,0,-4.6875,0,0,3174.8547,-20.5,-1,13.333334
18.295,18295,43.5,9.75,1023.96875,0,0,4,4,5,736.225,732.1,46428.508,35000.484,0,34.020996,5004.239,-20.25,1,1.064,1016.1543,426.52774,430.17612,433.65866,426.6936,375.45056,171.31743,0,0,0,0,0,0,1,1,0,6,159,94.125,415.99722,75.67383,0,-4.6875,0,0,3169.855,-20.5,-1,13.333334
18.395,18395,43.5,9.75,1023.96875,0,0,4,4,5,734.0375,729.975,46677.926,35000.484,0,34.243774,5036.079,-20.25,0.99200004,1.0600001,1016.07135,426.85944,427.60568,430.83948,424.4548,372.88013,169.83379,0,0,0,0,0,0,1,1,0,6,159,94.125,411.93427,75.494385,0,-4.6875,0,0,3161.8552,-20.5,-1,12.941176
18.495,18495,42.75,9.75,1023.96875,0,0,4,4,5,731.7875,727.725,46932.65,35000.484,0,34.465027,5036.079,-20.25,0.96400005,1.052,1016.1543,420.5577,419.81143,423.62564,416.08014,366.57837,165.65842,0,0,0,0,0,0,1,1,0,6,159,94.125,411.51968,75.31494,0,-4.6875,0,0,3150.8557,-20.5,-1,12.941176
18.596,18596,42.75,9.75,1023.96875,0,0,4,4,5,729.4125,725.35,47182.062,35000.484,0,34.68628,5041.3857,-20.25,0.9760001,1.056,1016.2372,420.72354,424.7865,427.93735,421.71854,370.64136,169.15556,0,0,0,0,0,0,1,1,0,6,158,94.125,410.77344,75.10986,0,-4.6875,0,0,3151.8557,-20.5,-1,12.941176
18.695,18695,42.75,9.75,1023.96875,0,0,4,4,5,726.85,722.7875,47304.117,35000.484,0,34.90448,5049.3457,-19.875,0.96800005,1.036,1016.1543,419.72852,419.47977,424.53772,414.5047,368.65134,165.00137,0,0,0,0,0,0,1,1,0,6,158,94.125,410.44174,74.93042,0,-4.6875,0,0,3143.856,-20.5,-1,12.941176
18.795,18795,42,10.5,1023.96875,0,0,4,4,5,724.2875,720.2875,47426.17,35000.484,0,35.105896,5022.812,-20.25,0.98,1.052,1016.07135,418.48474,422.8794,425.11816,420.72354,371.3876,168.30777,0,0,0,0,0,0,1,1,0,6,158,94.125,410.2759,74.75098,0,-4.6875,0,0,3135.8564,-20.5,-1,12.941176
18.896,18896,42,10.5,1023.96875,0,0,4,4,5,721.725,717.725,47675.586,35000.484,0,35.313416,5022.812,-20.25,0.97200006,1.0400001,1016.07135,421.38687,423.62564,429.34695,417.90433,367.32465,169.74901,0,0,0,0,0,0,1,1,0,6,157,94.125,407.53964,74.57153,0,-4.6875,0,0,3120.8572,-20.5,-1,12.941176
18.996,18996,42,10.5,1023.96875,0,0,4,4,5,719.1,715.1,47914.39,35000.484,0,35.528564,5017.5054,-20.25,0.94000006,1.028,1015.98846,416.82642,413.84137,420.88937,406.7934,362.18375,165.61603,0,0,0,0,0,0,1,1,0,6,157,94.125,407.12506,74.39209,0,-4.6875,0,0,3112.8574,-20.5,-1,12.941176
19.095,19095,42,10.5,1023.96875,0,0,4,4,5,716.4125,712.4125,48179.727,35000.484,0,35.72998,5051.999,-20.25,0.9480001,1,1015.98846,414.25595,416.24597,419.56268,412.9293,365.7492,163.98402,0,0,0,0,0,0,1,1,0,6,157,94.125,406.7934,74.21265,0,-4.6875,0,0,3115.8574,-20.5,-1,12.54902
19.196,19196,41.25,10.5,1023.96875,0,0,4,4,5,713.5375,709.6,48179.727,35000.484,0,35.94055,5057.3057,-20.25,0.94400007,1.024,1015.9055,415.99722,415.49973,422.9623,408.03714,364.17377,162.18248,0,0,0,0,0,0,1,1,0,6,156,94.125,406.21295,74.0332,0,-4.6875,0,0,3112.8574,-20.5,-1,12.54902
19.296,19296,41.25,10.5,1023.96875,0,0,4,4,5,710.6625,706.725,48429.14,35000.484,0,36.138916,5022.812,-20.25,0.94000006,1.016,1015.9055,415.3339,410.69052,415.4168,405.9642,361.76917,160.99556,0,0,0,0,0,0,1,1,0,6,156,94.125,405.54962,73.85376,0,-4.6875,0,0,3104.858,-20.5,-1,12.941176
19.396,19396,41.25,10.5,1023.96875,0,0,4,4,5,707.85,703.975,48614.88,35000.484,0,36.349487,5030.772,-20.25,0.91600007,1.0040001,1015.98846,413.17804,410.6076,417.7385,403.5596,358.78415,164.32315,0,0,0,0,0,0,1,1,0,6,156,94.5,400.90625,73.67432,0,-4.6875,0,0,3091.8584,-20.5,-1,12.54902
19.496,19496,40.5,10.5,1023.96875,0,0,4,4,5,704.975,701.1,48927.973,35000.484,0,36.543274,5065.2656,-20.25,0.924,1.0040001,1016.07135,411.0222,406.95923,414.42178,399.49664,357.37454,163.49655,0,0,0,0,0,0,1,1,0,6,155,94.5,400.07706,73.49487,0,-4.6875,0,0,3082.859,-20.5,-1,12.54902
19.596,19596,40.5,10.5,1023.96875,0,0,4,4,5,702.0375,698.1625,49156.164,35000.484,0,36.73706,5107.7197,-20.25,0.91200006,0.984,1016.1543,407.45673,406.62756,411.18802,402.06708,359.19873,160.33853,0,0,0,0,0,0,1,1,0,6,155,94.5,399.7454,73.31543,0,-4.6875,0,0,3079.859,-20.5,-1,12.54902
19.695,19695,40.5,10.5,1023.96875,0,0,4,4,5,699.0375,695.225,49177.39,35000.484,0,36.917114,5049.3457,-20.25,0.93600005,1,1016.2372,407.2909,410.193,415.49973,404.8863,364.7542,165.23453,0,0,0,0,0,0,1,1,0,6,155,94.5,399.41373,73.13599,0,-4.6875,0,0,3079.859,-20.5,-1,12.54902
19.796,19796,39.75,10.5,1023.96875,0,0,4,4,5,696.1,692.225,49405.58,35000.484,0,37.112427,5049.3457,-20.25,0.96000004,1.0120001,1016.3201,409.94424,412.76346,418.3189,407.2909,361.60333,166.40024,0,0,0,0,0,0,1,1,0,6,154,94.5,397.9212,72.95654,0,-4.6875,0,0,3073.8594,-20.5,-1,12.156863
19.896,19896,39.75,10.5,1023.96875,0,0,4,4,5,693.1,689.35,49426.805,35000.484,0,37.295532,5091.7993,-20.25,0.924,0.984,1016.2372,407.7884,405.30087,412.76346,397.9212,355.7991,157.9859,0,0,0,0,0,0,1,1,0,6,154,94.5,394.68744,72.7771,0,-4.6875,0,0,3063.8599,-20.5,-1,12.156863
19.996,19996,39.75,10.5,1023.96875,0,0,4,4,5,690.1625,686.4125,49893.797,35000.484,0,37.464905,5107.7197,-20.25,0.90000004,0.96800005,1016.1543,403.0621,399.91122,404.14,395.68243,351.65323,159.76627,0,0,0,0,0,0,1,1,0,6,154,94.5,394.43866,72.59766,0,-4.6875,0,0,3056.86,-20.5,-1,12.54902
20.096,20096,39.75,10.5,1023.96875,0,0,4,4,5,687.1625,683.4125,49925.637,35000.484,0,37.623596,5126.293,-20.25,0.90000004,0.96000004,1016.07135,400.6575,403.31085,408.94925,397.67245,352.97992,162.94548,0,0,0,0,0,0,1,1,0,6,153,94.5,394.60452,72.41821,0,-4.6875,0,0,3050.8604,-20.5,-1,12.54902
20.196,20196,39.75,10.5,1023.96875,0,0,4,4,5,684.1625,680.4125,50175.055,35000.484,0,37.756348,5192.627,-20.25,0.91200006,0.98800004,1016.07135,403.31085,404.9692,409.36383,400.6575,357.6233,159.95702,0,0,0,0,0,0,1,1,0,6,153,94.5,393.85825,72.23877,0,-4.6875,0,0,3045.8606,-20.5,-1,12.156863
20.296,20296,39.75,10.5,1023.96875,0,0,4,4,5,681.0375,677.35,50175.055,35000.484,0,37.878418,5187.3203,-20.25,0.90800005,0.9760001,1015.98846,404.38876,404.22293,408.86633,399.66248,352.73117,162.73354,0,0,0,0,0,0,1,1,0,6,153,94.5,390.3757,72.059326,0,-4.6875,0,0,3035.861,-20.5,-1,12.156863
20.396,20396,39.75,10.5,1023.96875,0,0,4,4,5,678.0375,674.35,50424.47,35000.484,0,37.986755,5243.041,-20.25,0.892,0.95600003,1015.98846,401.40375,398.50162,402.48166,394.52158,351.23865,156.48108,0,0,0,0,0,0,1,1,0,6,152,94.5,390.12695,71.87988,0,-4.6875,0,0,3028.8613,-20.5,-1,12.156863
20.496,20496,39,10.5,1023.96875,0,0,4,4,5,675.0375,671.35,50663.273,35000.484,0,38.079834,5253.6543,-20.25,0.8880001,0.95600003,1015.9055,398.58456,398.8333,403.14502,394.52158,347.83902,159.87224,0,0,0,0,0,0,1,1,0,6,152,94.5,389.62946,71.70044,0,-4.6875,0,0,3018.8618,-20.5,-1,12.156863
20.596,20596,39,10.5,1023.96875,0,0,4,4,5,671.9125,668.2875,50917.996,35000.484,0,38.163757,5282.8413,-20.25,0.88400006,0.9480001,1015.9055,397.4237,395.10202,400.74042,389.54654,350.24362,158.96086,0,0,0,0,0,0,1,1,0,6,152,94.5,388.96613,71.520996,0,-4.6875,0,0,3012.862,-20.5,-1,12.156863
20.696,20696,39,10.5,1023.96875,0,0,4,4,5,668.9125,665.225,51050.664,35000.484,0,38.223267,5346.522,-19.875,0.88400006,0.94000006,1015.9055,396.8433,395.76535,399.7454,391.86823,348.08777,155.78165,0,0,0,0,0,0,1,1,0,6,152,94.5,388.96613,71.34155,0,-4.6875,0,0,3010.862,-20.5,-1,12.156863
20.796,20796,39,10.5,1023.96875,0,0,4,4,5,665.7875,662.1625,51172.72,35000.484,0,38.275146,5338.562,-20.625,0.892,0.95600003,1015.9055,396.76038,396.09702,401.7354,390.54153,349.5803,159.38477,0,0,0,0,0,0,1,1,0,6,151,94.5,389.2978,71.16211,0,-4.6875,0,0,3007.8623,-20.5,-1,12.156863
20.896,20896,39,10.5,1023.96875,0,0,4,4,5,662.7875,659.1625,51363.758,35000.484,0,38.30719,5396.936,-19.875,0.892,0.94400007,1015.9055,397.09204,398.91623,403.97418,393.94116,353.3945,156.86258,0,0,0,0,0,0,1,1,0,6,151,94.5,385.73233,70.982666,0,-4.6875,0,0,2998.8628,-20,-1,12.156863
20.996,20996,38.25,10.5,1023.96875,0,0,4,4,5,659.725,656.1,51422.133,35000.484,0,38.406372,5381.0156,-19.875,0.87600005,0.93200004,1015.9055,393.77533,391.03906,395.76535,386.31274,342.5323,157.01094,0,0,0,0,0,0,1,1,0,6,151,94.5,385.48358,70.80322,0,-4.6875,0,0,2993.863,-20,-1,12.156863
21.095,21095,38.25,10.5,1023.96875,0,0,4,4,5,656.6625,653.1,51671.55,35000.484,0,38.360596,5439.3896,-19.875,0.88000005,0.93600005,1015.9055,391.53656,394.68744,398.7504,390.62448,348.00485,156.09956,0,0,0,0,0,0,1,1,0,6,150,94.875,385.31775,70.62378,0,-4.6875,0,0,2987.8633,-20,-1,11.764706
21.196,21196,38.25,10.5,1023.96875,0,0,4,4,5,653.5375,649.975,51920.965,35000.484,0,38.3667,5426.123,-20.625,0.8880001,0.952,1015.9055,395.84827,394.43866,400.2429,388.71738,344.60522,158.91847,0,0,0,0,0,0,1,1,0,6,150,94.875,385.48358,70.444336,0,-4.6875,0,0,2983.8633,-20,-1,11.764706
21.296,21296,38.25,10.5,1023.96875,0,0,4,4,5,650.475,646.975,52127.926,35000.484,0,38.43994,5457.9634,-19.875,0.864,0.91600007,1015.9055,390.54153,390.20987,395.18494,385.23483,343.69315,153.1323,0,0,0,0,0,0,1,1,0,6,150,94.875,384.90317,70.26489,0,-4.6875,0,0,2976.8638,-20,-1,11.764706
21.396,21396,38.25,10.5,1023.96875,0,0,4,4,5,647.4125,643.9125,52175.688,35000.484,0,38.450623,5442.043,-19.5,0.87600005,0.94000006,1015.98846,393.52658,393.112,398.99915,387.22485,347.50735,155.23059,0,0,0,0,0,0,1,1,0,6,149,94.875,381.58646,70.08545,0,-4.6875,0,0,2967.8643,-19.5,-1,11.764706
21.496,21496,38.25,11.25,1023.96875,0,0,4,4,5,644.4125,640.85,52340.195,35000.484,0,38.45215,5444.6963,-19.5,0.85200006,0.91200006,1016.07135,390.12695,386.5615,391.7024,381.50354,339.46436,154.95505,0,0,0,0,0,0,1,1,0,6,149,94.875,381.7523,69.906006,0,-4.6875,0,0,2959.8645,-19.5,-1,11.764706
21.596,21596,37.5,11.25,1023.96875,0,0,4,4,5,641.35,637.85,52419.797,35000.484,0,38.453674,5479.19,-19.5,0.92,0.984,1016.07135,387.4736,388.21985,393.6095,382.91315,342.86398,152.09375,0,0,0,0,0,0,1,1,0,6,149,94.875,380.7573,69.72656,0,-4.6875,0,0,2958.8645,-19.5,-1,11.764706
21.696,21696,37.5,11.25,1023.96875,0,0,4,4,5,638.2875,634.7875,52669.21,35000.484,0,38.453674,5457.9634,-19.5,0.924,0.984,1015.98846,389.7953,390.62448,394.9362,386.31274,343.5273,157.30768,0,0,0,0,0,0,1,1,0,6,149,94.875,381.3377,69.54712,0,-4.6875,0,0,2953.8647,-19.5,-1,11.764706
21.796,21796,37.5,11.25,1023.96875,0,0,4,4,5,635.225,631.725,52918.63,35000.484,0,38.453674,5513.6836,-19.5,0.91200006,0.97200006,1015.98846,387.05902,386.064,390.3757,381.7523,339.2156,151.69106,0,0,0,0,0,0,1,1,0,6,148,94.875,381.08896,69.367676,0,-4.6875,0,0,2946.865,-19.5,-1,11.764706
21.896,21896,37.5,11.25,1023.96875,0,0,4,4,5,632.1625,628.6625,52939.855,35000.484,0,38.453674,5529.604,-19.5,0.90800005,0.9760001,1015.9055,386.39566,388.30276,393.36075,383.32773,342.44937,152.96274,0,0,0,0,0,0,1,1,0,6,148,95.25,377.77225,69.18823,0,-4.6875,0,0,2939.8655,-19,-1,11.372549
21.996,21996,37.5,11.25,1023.96875,0,0,4,4,5,629.1,625.6625,53173.35,35000.484,0,38.453674,5505.7236,-19.125,0.924,0.98,1015.9055,388.13693,387.30777,392.69742,382.00104,339.04977,156.29033,0,0,0,0,0,0,1,1,0,6,148,95.25,377.77225,69.00879,0,-4.6875,0,0,2935.8657,-19,-1,11.764706
22.096,22096,36.75,11.25,1023.96875,0,0,4,4,5,626.0375,622.6,53300.71,35000.484,0,38.386536,5548.1777,-19.125,0.896,0.95600003,1015.9055,383.49356,382.00104,387.63943,376.44556,336.97684,149.31725,0,0,0,0,0,0,1,1,0,6,147,95.25,377.026,68.829346,0,-4.6875,0,0,2928.866,-19,-1,11.764706
22.196,22196,36.75,11.25,1023.96875,0,0,4,4,5,622.975,619.5375,53422.766,35000.484,0,38.453674,5524.2974,-19.125,0.90400004,0.96000004,1015.9055,383.2448,383.2448,387.88818,378.68436,337.14267,151.24597,0,0,0,0,0,0,1,1,0,6,147,95.25,376.44556,68.6499,0,-4.6875,0,0,2924.8662,-19,-1,11.764706
22.296,22296,36.75,11.25,1023.96875,0,0,4,4,5,619.9125,616.5375,53656.26,35000.484,0,38.453674,5518.9907,-19.125,0.90000004,0.95600003,1015.9055,384.07397,382.49854,388.05402,377.026,336.811,154.72191,0,0,0,0,0,0,1,1,0,6,147,95.25,376.1968,68.47046,0,-4.6875,0,0,2919.8662,-19,-1,11.764706
22.396,22396,36.75,11.25,1023.96875,0,0,4,4,5,617.0375,613.6625,53810.156,35000.484,0,38.453674,5561.4443,-19.125,0.90000004,0.9480001,1015.9055,383.82523,381.7523,386.47858,377.026,334.73807,150.14383,0,0,0,0,0,0,1,1,0,6,146,95.25,375.94806,68.291016,0,-4.6875,0,0,2913.8667,-19,-1,11.764706
22.496,22496,36.75,11.25,1023.96875,0,0,4,4,5,614.225,610.85,53921.598,35000.484,0,38.453674,5564.0977,-19.125,0.896,0.952,1015.9055,381.2548,381.17188,385.81525,376.61142,334.73807,149.91069,0,0,0,0,0,0,1,1,0,6,146,95.25,373.2118,68.11157,0,-4.6875,0,0,2909.8667,-19,-1,11.372549
22.596,22596,36.75,11.25,1023.96875,0,0,4,4,5,611.475,608.1625,54139.176,35000.484,0,38.453674,5540.2173,-18.75,0.896,0.952,1015.9055,383.2448,384.40564,389.46362,379.4306,335.06973,155.16699,0,0,0,0,0,0,1,1,0,6,146,96,372.7972,68.11157,0,-4.6875,0,0,2902.8672,-19,-1,11.372549
22.696,22696,36,11.25,1023.96875,0,0,4,4,5,608.85,605.5375,54165.707,35000.484,0,38.453674,5548.1777,-18.75,0.892,0.93600005,1015.9055,381.08896,379.09894,384.32272,373.95804,332.49927,152.64482,0,0,0,0,0,0,1,1,0,6,145,96,373.2947,68.291016,0,-4.6875,0,0,2894.8674,-19,-1,11.372549
22.796,22796,36,11.25,1023.96875,0,0,4,4,5,606.2875,602.975,54388.59,35000.484,0,38.453674,5580.018,-18.75,0.88000005,0.94000006,1015.9055,377.93808,378.35266,384.65442,372.13385,333.74304,148.2575,0,0,0,0,0,0,1,1,0,6,145,96,372.7972,68.47046,0,-4.6875,0,0,2888.8677,-19,-1,11.372549
22.896,22896,36,11.25,1023.96875,0,0,4,4,5,603.725,600.475,54547.793,35000.484,0,38.453674,5587.978,-18.75,0.892,0.94400007,1015.9055,378.60144,381.17188,385.40067,377.026,337.3085,152.11494,0,0,0,0,0,0,1,1,0,6,145,96,371.71927,68.6499,0,-4.6875,0,0,2877.8682,-18.5,-1,11.372549
22.996,22996,36,11.25,1023.96875,0,0,4,4,5,601.2875,598.0375,54797.207,35000.484,0,38.386536,5548.1777,-18.375,0.88400006,0.952,1015.9055,380.01102,378.68436,384.48856,372.88013,334.5722,152.45407,0,0,0,0,0,0,1,1,0,6,144,97.125,369.31467,68.829346,0,-4.6875,0,0,2873.8684,-18.5,-1,11.372549
23.096,23096,36,11.25,1023.96875,0,0,4,4,5,598.9125,595.6,54919.26,35000.484,0,38.453674,5548.1777,-18.375,0.86800003,0.92,1015.9055,376.52847,372.96304,378.35266,367.6563,327.19257,150.24982,0,0,0,0,0,0,1,1,0,6,144,97.125,369.06592,69.00879,0,-4.6875,0,0,2872.8684,-18.5,-1,11.372549
23.196,23196,36,11.25,1023.96875,0,0,4,4,5,596.475,593.225,54919.26,35000.484,0,38.453674,5548.1777,-18.375,0.86800003,0.91200006,1015.9055,371.8851,371.47052,376.86017,366.1638,329.51425,150.18623,0,0,0,0,0,0,1,1,0,6,144,97.125,368.81717,69.18823,0,-4.6875,0,0,2867.8687,-18.5,-1,11.372549
23.296,23296,35.25,11.25,1023.96875,0,0,4,4,5,594.1,590.9125,55168.68,35000.484,0,38.453674,5582.6714,-18.375,0.8880001,0.93200004,1015.9055,374.7043,378.35266,384.07397,372.63138,335.06973,148.78737,0,0,0,0,0,0,1,1,0,6,143,97.125,367.90506,69.367676,0,-4.6875,0,0,2860.8691,-18.5,-1,11.372549
23.396,23396,35.25,11.25,1023.96875,0,0,4,4,5,591.7875,588.6,55359.72,35000.484,0,38.453674,5587.978,-18.375,0.88000005,0.93200004,1015.9055,374.95306,376.36264,381.00604,371.71927,332.9968,148.32109,0,0,0,0,0,0,1,1,0,6,143,97.125,368.40256,69.54712,0,-4.6875,0,0,2848.8696,-18.5,-1,11.372549
23.496,23496,35.25,11.25,1023.96875,0,0,4,4,5,589.5375,586.35,55418.094,35000.484,0,38.453674,5585.3247,-18,0.87600005,0.93200004,1015.9055,374.45554,373.2947,377.85516,368.81717,332.49927,147.0282,0,0,0,0,0,0,1,1,0,6,143,97.875,364.7542,69.72656,0,-4.6875,0,0,2845.8696,-18,-1,11.372549
23.596,23596,35.25,11.25,1023.96875,0,0,4,4,5,587.2875,584.1,55667.51,35000.484,0,38.453674,5556.1377,-18,0.864,0.91600007,1015.9055,372.3826,372.63138,377.35767,367.98798,329.763,146.49834,0,0,0,0,0,0,1,1,0,6,143,97.875,364.42252,69.906006,0,-4.6875,0,0,2835.87,-17.5,-1,11.372549
23.696,23696,35.25,11.25,1023.96875,0,0,4,4,5,585.0375,581.9125,55916.926,35000.484,0,38.453674,5558.791,-17.625,0.86,0.90800005,1015.9055,370.14383,370.5584,375.6164,365.58337,329.1826,150.41937,0,0,0,0,0,0,1,1,0,6,142,97.875,364.7542,70.08545,0,-4.6875,0,0,2826.8706,-17.5,-1,11.372549
23.796,23796,35.25,11.25,1023.96875,0,0,4,4,5,582.85,579.6625,55916.926,35000.484,0,38.453674,5558.791,-18,0.85600007,0.90800005,1015.9055,369.06592,369.89508,375.2018,364.58835,329.1826,150.39818,0,0,0,0,0,0,1,1,0,6,142,97.875,363.51044,70.26489,0,-4.6875,0,0,2820.8708,-18,-1,11.372549
23.896,23896,35.25,11.25,1023.96875,0,0,4,4,5,580.6,577.475,56166.344,35000.484,0,38.453674,5561.4443,-18,0.86,0.90400004,1015.9055,368.40256,371.3047,376.1968,366.41254,329.43134,150.6737,0,0,0,0,0,0,1,1,0,6,142,97.875,363.7592,70.444336,0,-4.6875,0,0,2818.8708,-18,-1,11.372549
23.995,23995,34.5,11.25,1023.96875,0,0,4,4,5,578.4125,575.2875,56166.344,35000.484,0,38.453674,5566.751,-18,0.864,0.91600007,1015.9055,368.73425,370.39258,375.28473,365.58337,330.2605,149.65636,0,0,0,0,0,0,1,1,0,6,141,99,360.69125,70.62378,0,-4.6875,0,0,2810.8713,-17.5,-1,10.980392
24.096,24096,34.5,11.25,1023.96875,0,0,4,4,5,576.225,573.1625,56410.453,35000.484,0,38.453674,5564.0977,-17.625,0.84800005,0.90400004,1015.9055,367.73923,367.73923,373.62637,361.85208,327.3584,149.61397,0,0,0,0,0,0,1,1,0,6,141,99,359.5304,70.80322,0,-4.6875,0,0,2799.8718,-17.5,-1,10.980392
24.196,24196,34.5,11.25,1023.96875,0,0,4,4,5,574.1,570.975,56543.12,35000.484,0,38.453674,5558.791,-17.625,0.84400004,0.892,1015.9055,364.92004,365.08588,370.14383,360.1108,324.0417,148.6602,0,0,0,0,0,0,1,1,0,6,141,99,358.53537,70.982666,0,-4.6875,0,0,2794.872,-17.5,-1,10.980392
24.296,24296,34.5,11.25,1023.96875,0,0,4,4,5,571.9125,568.85,56665.176,35000.484,0,38.453674,5566.751,-17.625,0.836,0.88000005,1015.9055,362.0179,362.18375,367.40756,356.95996,323.37836,146.244,0,0,0,0,0,0,1,1,0,6,140,99,359.28165,71.16211,0,-4.6875,0,0,2789.8723,-17.5,-1,10.980392
24.396,24396,34.5,11.25,1023.96875,0,0,4,4,5,569.7875,566.725,56914.59,35000.484,0,38.453674,5585.3247,-17.625,0.84000003,0.90000004,1015.9055,362.4325,366.82715,372.29968,361.4375,328.02173,149.55038,0,0,0,0,0,0,1,1,0,6,140,99,358.70123,71.34155,0,-4.6875,0,0,2785.8726,-17.5,-1,10.980392
24.496,24496,34.5,11.25,1023.96875,0,0,4,4,5,567.6,564.6,57041.953,35000.484,0,38.453674,5580.018,-17.625,0.85600007,0.90400004,1015.9055,364.6713,371.8851,377.026,366.82715,332.66513,152.49646,0,0,0,0,0,0,1,1,0,6,140,99,358.45245,71.520996,0,-4.6875,0,0,2782.8726,-17,-1,10.980392
24.596,24596,34.5,11.25,1023.96875,0,0,4,4,5,565.475,562.475,57164.008,35000.484,0,38.453674,5580.018,-16.875,0.84400004,0.892,1015.98846,364.50543,365.1688,369.06592,361.27167,323.21252,148.23631,0,0,0,0,0,0,1,1,0,6,140,99.75,355.55035,71.70044,0,-4.6875,0,0,2774.873,-17,-1,10.980392
24.697,24697,34.5,11.25,1023.96875,0,0,4,4,5,563.4125,560.4125,57164.008,35000.484,0,38.453674,5587.978,-16.875,0.82000005,0.86800003,1016.07135,362.0179,357.45746,363.01294,351.9849,320.47623,141.26323,0,0,0,0,0,0,1,1,0,6,139,99.75,355.2187,71.87988,0,-4.6875,0,0,2763.8735,-17,-1,10.980392
24.796,24796,33.75,11.25,1023.96875,0,0,4,4,5,561.35,558.35,57413.42,35000.484,0,38.453674,5585.3247,-16.875,0.808,0.85600007,1016.07135,357.6233,354.63828,360.5254,348.83405,315.91577,139.58884,0,0,0,0,0,0,1,1,0,6,139,99.75,353.64325,72.059326,0,-4.6875,0,0,2757.8738,-17,-1,10.980392
24.896,24896,33.75,11.25,1023.96875,0,0,4,4,5,559.225,556.225,57413.42,35000.484,0,38.453674,5609.2046,-16.875,0.81200004,0.85600007,1015.98846,355.55035,357.2087,361.18875,353.22867,321.1396,141.83548,0,0,0,0,0,0,1,1,0,6,139,99.75,355.7162,72.23877,0,-4.6875,0,0,2754.8738,-17,-1,10.980392
24.997,24997,33.75,11.25,1023.96875,0,0,4,4,5,557.1625,554.1625,57662.836,35000.484,0,38.453674,5606.5513,-16.875,0.82800007,0.88400006,1015.98846,358.61832,363.17877,368.5684,357.78912,328.51923,143.57346,0,0,0,0,0,0,1,1,0,6,138,99.75,355.63327,72.41821,0,-4.6875,0,0,2754.8738,-17,-1,10.980392
25.096,25096,33.75,11.25,1023.96875,0,0,4,4,5,555.0375,552.0375,57912.254,35000.484,0,38.453674,5614.5117,-16.875,0.82800007,0.88000005,1015.9055,361.60333,362.8471,367.98798,357.7062,325.61713,142.83163,0,0,0,0,0,0,1,1,0,6,138,100.875,352.64825,72.59766,0,-4.6875,0,0,2745.8743,-16.5,-1,10.588236
25.196,25196,33.75,11.25,1023.96875,0,0,4,4,5,552.975,550.0375,57928.176,35000.484,0,38.453674,5619.8184,-16.5,0.8,0.85200006,1015.9055,358.36954,356.37952,361.52042,351.32156,317.82288,144.37886,0,0,0,0,0,0,1,1,0,6,138,100.875,351.90198,72.7771,0,-4.6875,0,0,2740.8745,-16.5,-1,10.588236
25.296,25296,33.75,11.25,1023.96875,0,0,4,4,5,550.9125,547.975,58161.668,35000.484,0,38.453674,5593.2847,-16.5,0.8,0.836,1015.9055,354.14075,350.5753,356.46243,344.7711,317.4912,142.87402,0,0,0,0,0,0,1,1,0,6,137,101.25,350.49237,72.95654,0,-4.6875,0,0,2731.875,-16.5,-1,10.980392
25.396,25396,33.75,11.25,1023.96875,0,0,4,4,5,548.85,545.9125,58161.668,35000.484,0,38.453674,5598.5913,-16.5,0.804,0.84800005,1015.9055,352.64825,354.63828,360.27664,348.99988,318.56912,144.6332,0,0,0,0,0,0,1,1,0,6,137,101.25,351.0728,73.13599,0,-4.6875,0,0,2726.8752,-16.5,-1,10.980392
25.496,25496,33.75,11.25,1023.96875,0,0,4,4,5,546.7875,543.85,58347.406,35000.484,0,38.453674,5601.2446,-16.5,0.81200004,0.85600007,1015.9055,354.55533,358.2037,363.67627,352.8141,322.13458,141.55995,0,0,0,0,0,0,1,1,0,6,137,101.25,350.90698,73.31543,0,-4.6875,0,0,2721.8755,-16.5,-1,10.588236
25.596,25596,33,11.25,1023.96875,0,0,4,4,5,544.725,541.7875,58411.086,35000.484,0,38.453674,5630.4316,-16.5,0.81200004,0.85600007,1015.9055,355.88202,357.04288,361.27167,352.8141,322.13458,141.70831,0,0,0,0,0,0,1,1,0,6,137,102,347.1757,73.49487,0,-4.6875,0,0,2714.8757,-16,-1,10.588236
25.696,25696,33,11.25,1023.96875,0,0,4,4,5,542.6625,539.7875,58665.81,35000.484,0,38.453674,5635.7383,-16.125,0.8,0.84000003,1015.9055,352.0678,350.24362,355.05286,345.51733,314.1745,138.57149,0,0,0,0,0,0,1,1,0,6,137,102.375,345.849,73.67432,0,-4.6875,0,0,2708.876,-16,-1,10.588236
25.796,25796,33,11.25,1023.96875,0,0,4,4,5,540.6,537.7875,58909.918,35000.484,0,38.453674,5609.2046,-16.125,0.78400004,0.82800007,1015.9055,348.41943,346.92694,353.14575,340.70813,311.2724,141.89906,0,0,0,0,0,0,1,1,0,6,136,102.375,346.18066,73.85376,0,-4.6875,0,0,2698.8765,-16,-1,10.588236
25.896,25896,33,11.25,1023.96875,0,0,4,4,5,538.6,535.725,58909.918,35000.484,0,38.453674,5611.8584,-16.125,0.78400004,0.82000005,1015.9055,346.84402,349.33154,354.14075,344.60522,315.74994,142.217,0,0,0,0,0,0,1,1,0,6,136,102.375,346.4294,74.0332,0,-4.6875,0,0,2701.8762,-16,-1,10.588236
25.996,25996,33,11.25,1023.96875,0,0,4,4,5,536.475,533.6625,59159.332,35000.484,0,38.453674,5638.3916,-16.125,0.8,0.836,1015.9055,348.75113,352.8141,356.7112,348.91696,319.72998,140.35185,0,0,0,0,0,0,1,1,0,6,136,102.375,345.2686,74.21265,0,-4.6875,0,0,2696.8765,-16,-1,10.588236
26.096,26096,33,11.25,1023.96875,0,0,4,4,5,534.475,531.6,59159.332,35000.484,0,38.453674,5641.045,-16.125,0.804,0.84400004,1015.9055,350.32654,351.32156,355.96494,346.7611,318.90082,139.22853,0,0,0,0,0,0,1,1,0,6,135,102.375,345.10275,74.39209,0,-4.6875,0,0,2693.8767,-16,-1,10.588236
26.196,26196,33,11.25,1023.96875,0,0,4,4,5,532.4125,529.6,59345.07,35000.484,0,38.453674,5603.898,-16.125,0.78400004,0.82400006,1015.9055,348.75113,347.50735,353.31158,341.78604,314.1745,142.1958,0,0,0,0,0,0,1,1,0,6,135,103.875,342.5323,74.57153,0,-4.6875,0,0,2682.8772,-16,-1,10.588236
26.296,26296,33,11.25,1023.96875,0,0,4,4,5,530.4125,527.6,59408.75,35000.484,0,38.453674,5609.2046,-15.75,0.772,0.81200004,1015.9055,346.7611,344.68817,350.0778,339.38144,313.1795,135.49825,0,0,0,0,0,0,1,1,0,6,135,103.875,342.28354,74.75098,0,-4.6875,0,0,2678.8774,-16,-1,10.588236
26.396,26396,33,11.25,1023.96875,0,0,4,4,5,528.35,525.6,59663.473,35000.484,0,38.453674,5641.045,-15.75,0.76400006,0.8,1015.9055,343.27856,341.1227,346.6782,335.56723,307.0436,134.24776,0,0,0,0,0,0,1,1,0,6,135,103.875,341.45438,74.93042,0,-4.6875,0,0,2675.8774,-16,-1,10.588236
26.496,26496,33,11.25,1023.96875,0,0,4,4,5,526.35,523.5375,59912.887,35000.484,0,38.453674,5646.352,-15.75,0.772,0.808,1015.9055,341.78604,344.19064,348.75113,339.6302,312.01865,140.64857,0,0,0,0,0,0,1,1,0,6,135,103.875,341.86896,75.10986,0,-4.6875,0,0,2673.8777,-16,-1,10.588236
26.597,26597,33,11.25,1023.96875,0,0,4,4,5,524.2875,521.475,59912.887,35000.484,0,38.453674,5598.5913,-15.75,0.78000003,0.82400006,1015.9055,343.61023,348.99988,354.63828,343.36148,316.24744,143.57346,0,0,0,0,0,0,1,1,0,6,134,103.875,341.86896,75.31494,0,-4.6875,0,0,2663.878,-16,-1,10.588236
26.696,26696,33,11.25,1023.96875,0,0,4,4,5,522.225,519.475,60162.305,35000.484,0,38.453674,5614.5117,-15.75,0.74,0.78400004,1015.9055,345.93192,349.74612,355.13577,344.35648,316.66205,138.12639,0,0,0,0,0,0,1,1,0,6,134,104.25,341.6202,75.494385,0,-4.6875,0,0,2658.8782,-16,-1,10.588236
26.797,26797,32.25,11.25,1023.96875,0,0,4,4,5,520.225,517.475,60162.305,35000.484,0,38.453674,5611.8584,-15.75,0.72400004,0.76000005,1015.9055,343.61023,344.5223,350.0778,339.04977,310.4432,140.64857,0,0,0,0,0,0,1,1,0,6,134,104.25,338.55225,75.67383,0,-4.6875,0,0,2656.8784,-15,-1,10.196078
26.896,26896,32.25,11.25,1023.96875,0,0,4,4,5,518.1625,515.475,60353.348,35000.484,0,38.453674,5606.5513,-15.75,0.716,0.75600004,1015.9055,341.28854,343.36148,348.83405,337.97183,312.18448,135.05315,0,0,0,0,0,0,1,1,0,6,133,105,339.2156,75.85327,0,-4.6875,0,0,2649.8787,-15.5,-1,10.196078
26.996,26996,32.25,11.25,1023.96875,0,0,4,4,5,516.1625,513.475,60411.72,35000.484,0,38.453674,5646.352,-15,0.72800004,0.76400006,1015.9055,342.86398,344.68817,349.74612,339.6302,313.01367,136.53679,0,0,0,0,0,0,1,1,0,6,133,105,338.13766,76.032715,0,-4.6875,0,0,2646.879,-15,-1,10.196078
27.096,27096,32.25,11.25,1023.96875,0,0,4,4,5,514.1,511.4125,60602.76,35000.484,0,38.453674,5619.8184,-15,0.70400006,0.75200003,1015.9055,342.44937,339.6302,345.76608,333.5772,307.20944,137.95683,0,0,0,0,0,0,1,1,0,6,133,105,339.38144,76.21216,0,-4.6875,0,0,2638.8792,-15,-1,10.196078
27.196,27196,32.25,11.25,1023.96875,0,0,4,4,5,512.1,509.4125,60852.176,35000.484,0,38.453674,5622.4717,-15,0.69600004,0.72800004,1015.9055,338.55225,337.39142,342.9469,331.91885,306.9607,130.98375,0,0,0,0,0,0,1,1,0,6,133,105.375,340.45935,76.3916,0,-4.6875,0,0,2633.8794,-15,-1,10.588236
27.296,27296,32.25,11.25,1023.96875,0,0,4,4,5,510.1,507.4125,60910.55,35000.484,0,38.453674,5651.6587,-15,0.712,0.744,1015.9055,341.28854,343.02982,348.00485,338.05475,312.10156,139.84317,0,0,0,0,0,0,1,1,0,6,133,105.375,340.1277,76.571045,0,-4.6875,0,0,2630.8796,-15,-1,10.196078
27.396,27396,32.25,11.25,1023.96875,0,0,4,4,5,508.0375,505.35,61133.434,35000.484,0,38.453674,5622.4717,-15.375,0.712,0.748,1015.9055,343.77606,342.5323,347.7561,337.39142,309.61404,134.18416,0,0,0,0,0,0,1,1,0,6,132,105.375,340.95688,76.75049,0,-4.6875,0,0,2628.8796,-15.5,-1,10.196078
27.496,27496,32.25,11.25,1023.96875,0,0,4,4,5,506.0375,503.4125,61159.97,35000.484,0,38.453674,5654.312,-15,0.70000005,0.73200005,1015.9055,341.37146,337.97183,342.69815,333.24554,308.0386,131.81035,0,0,0,0,0,0,1,1,0,6,132,105.375,340.95688,76.92993,0,-4.6875,0,0,2627.8796,-15,-1,10.588236
27.596,27596,32.25,11.25,1023.96875,0,0,4,4,5,504.0375,501.4125,61159.97,35000.484,0,38.453674,5622.4717,-15,0.69200003,0.72400004,1015.9055,338.96686,336.7281,342.6152,330.92386,305.79984,136.72754,0,0,0,0,0,0,1,1,0,6,132,105.375,338.3035,76.87866,0,-4.6875,0,0,2620.8801,-14.5,-1,10.588236
27.696,27696,32.25,11.25,1023.96875,0,0,4,4,5,502.0375,499.4125,61404.08,35000.484,0,38.453674,5651.6587,-14.625,0.708,0.744,1015.9055,339.54727,343.36148,348.83405,337.97183,312.84784,134.4597,0,0,0,0,0,0,1,1,0,6,132,105.375,338.13766,76.69922,0,-4.6875,0,0,2615.8804,-14.5,-1,10.196078
27.796,27796,32.25,11.25,1023.96875,0,0,4,4,5,500.0375,497.4125,61409.383,35000.484,0,38.453674,5617.165,-14.625,0.712,0.75200003,1015.9055,342.28354,346.59525,351.40448,341.86896,311.60406,140.45782,0,0,0,0,0,0,1,1,0,6,131,105.375,338.3035,76.519775,0,-4.6875,0,0,2611.8804,-14.5,-1,10.196078
27.896,27896,31.5,11.25,1023.96875,0,0,4,4,5,498.0375,495.4125,61658.8,35000.484,0,38.453674,5649.0054,-15,0.70400006,0.74,1015.9055,341.20563,340.54227,345.10275,335.9818,309.53113,133.31519,0,0,0,0,0,0,1,1,0,6,131,106.5,337.72308,76.34033,0,-4.6875,0,0,2605.8806,-15,-1,10.196078
27.996,27996,31.5,11.25,1023.96875,0,0,4,4,5,496.0375,493.475,61886.99,35000.484,0,38.453674,5622.4717,-14.625,0.69600004,0.73200005,1015.9055,337.64017,337.55725,343.69315,331.50427,306.1315,136.5156,0,0,0,0,0,0,1,1,0,6,131,106.5,338.55225,76.16089,0,-4.6875,0,0,2606.8806,-14.5,-1,10.196078
28.096,28096,31.5,11.25,1023.96875,0,0,4,4,5,494.0375,491.475,61908.215,35000.484,0,38.453674,5651.6587,-14.625,0.70400006,0.744,1015.9055,338.6352,341.28854,345.76608,336.811,311.2724,133.2516,0,0,0,0,0,0,1,1,0,6,131,106.5,338.80103,75.981445,0,-4.6875,0,0,2600.8809,-14.5,-1,10.196078
28.196,28196,31.5,11.25,1023.96875,0,0,4,4,5,492.0375,489.475,62157.633,35000.484,0,38.453674,5625.125,-14.625,0.70400006,0.744,1015.9055,340.79105,343.85898,349.33154,338.46933,313.42825,139.86436,0,0,0,0,0,0,1,1,0,6,131,106.5,338.80103,75.802,0,-4.6875,0,0,2592.8813,-14.5,-1,10.196078
28.296,28296,31.5,11.25,1023.96875,0,0,4,4,5,490.1,487.5375,62157.633,35000.484,0,38.453674,5656.9653,-15,0.708,0.744,1015.9055,342.86398,342.78107,347.7561,337.88892,311.43823,133.71788,0,0,0,0,0,0,1,1,0,6,130,107.625,335.31848,75.62256,0,-4.6875,0,0,2588.8816,-14.5,-1,10.196078